# JMH version: 1.37
# VM version: JDK 21.0.12, OpenJDK 64-Bit Server VM, 21.0.12
# VM invoker: /opt/homebrew/Cellar/openjdk@21/21.0.12/libexec/openjdk.jdk/Contents/Home/bin/java
# VM options: -Xms512m -Xmx512m -XX:+UseG1GC
# Blackhole mode: compiler (auto-detected, use -Djmh.blackhole.autoDetect=false to disable)
# Warmup: 3 iterations, 1 s each
# Measurement: 5 iterations, 1 s each
# Timeout: 10 min per iteration
# Threads: 1 thread, will synchronize iterations
# Benchmark mode: Average time, time/op
# Benchmark: io.grpc.benchmarks.netty.HpackTableSizeBenchmark.constructEncoder
# Parameters: (buckets = 16)

# Run progress: 0,00% complete, ETA 00:12:00
# Fork: 1 of 3
# Warmup Iteration   1: 32,642 ns/op
# Warmup Iteration   2: 31,457 ns/op
# Warmup Iteration   3: 31,197 ns/op
Iteration   1: 31,305 ns/op
                 gc.alloc.rate:      11453,162 MB/sec
                 gc.alloc.rate.norm: 376,000 B/op
                 gc.count:           37,000 counts
                 gc.time:            17,000 ms

Iteration   2: 31,273 ns/op
                 gc.alloc.rate:      11465,011 MB/sec
                 gc.alloc.rate.norm: 376,000 B/op
                 gc.count:           38,000 counts
                 gc.time:            19,000 ms

Iteration   3: 31,696 ns/op
                 gc.alloc.rate:      11311,762 MB/sec
                 gc.alloc.rate.norm: 376,000 B/op
                 gc.count:           37,000 counts
                 gc.time:            18,000 ms

Iteration   4: 31,648 ns/op
                 gc.alloc.rate:      11328,956 MB/sec
                 gc.alloc.rate.norm: 376,000 B/op
                 gc.count:           38,000 counts
                 gc.time:            18,000 ms

Iteration   5: 31,805 ns/op
                 gc.alloc.rate:      11272,991 MB/sec
                 gc.alloc.rate.norm: 376,000 B/op
                 gc.count:           37,000 counts
                 gc.time:            18,000 ms


# Run progress: 1,11% complete, ETA 00:12:11
# Fork: 2 of 3
# Warmup Iteration   1: 33,732 ns/op
# Warmup Iteration   2: 32,030 ns/op
# Warmup Iteration   3: 31,645 ns/op
Iteration   1: 31,788 ns/op
                 gc.alloc.rate:      11279,044 MB/sec
                 gc.alloc.rate.norm: 376,000 B/op
                 gc.count:           38,000 counts
                 gc.time:            19,000 ms

Iteration   2: 31,253 ns/op
                 gc.alloc.rate:      11472,263 MB/sec
                 gc.alloc.rate.norm: 376,000 B/op
                 gc.count:           37,000 counts
                 gc.time:            18,000 ms

Iteration   3: 31,299 ns/op
                 gc.alloc.rate:      11455,320 MB/sec
                 gc.alloc.rate.norm: 376,000 B/op
                 gc.count:           38,000 counts
                 gc.time:            19,000 ms

Iteration   4: 31,340 ns/op
                 gc.alloc.rate:      11440,681 MB/sec
                 gc.alloc.rate.norm: 376,000 B/op
                 gc.count:           38,000 counts
                 gc.time:            18,000 ms

Iteration   5: 31,350 ns/op
                 gc.alloc.rate:      11436,509 MB/sec
                 gc.alloc.rate.norm: 376,000 B/op
                 gc.count:           37,000 counts
                 gc.time:            19,000 ms


# Run progress: 2,22% complete, ETA 00:12:02
# Fork: 3 of 3
# Warmup Iteration   1: 26,848 ns/op
# Warmup Iteration   2: 25,948 ns/op
# Warmup Iteration   3: 25,573 ns/op
Iteration   1: 25,834 ns/op
                 gc.alloc.rate:      13878,467 MB/sec
                 gc.alloc.rate.norm: 376,000 B/op
                 gc.count:           46,000 counts
                 gc.time:            23,000 ms

Iteration   2: 25,861 ns/op
                 gc.alloc.rate:      13864,319 MB/sec
                 gc.alloc.rate.norm: 376,000 B/op
                 gc.count:           45,000 counts
                 gc.time:            23,000 ms

Iteration   3: 25,513 ns/op
                 gc.alloc.rate:      14053,607 MB/sec
                 gc.alloc.rate.norm: 376,000 B/op
                 gc.count:           46,000 counts
                 gc.time:            22,000 ms

Iteration   4: 25,404 ns/op
                 gc.alloc.rate:      14113,913 MB/sec
                 gc.alloc.rate.norm: 376,000 B/op
                 gc.count:           47,000 counts
                 gc.time:            23,000 ms

Iteration   5: 25,582 ns/op
                 gc.alloc.rate:      14014,898 MB/sec
                 gc.alloc.rate.norm: 376,000 B/op
                 gc.count:           46,000 counts
                 gc.time:            23,000 ms



Result "io.grpc.benchmarks.netty.HpackTableSizeBenchmark.constructEncoder":
  29,530 ±(99.9%) 3,053 ns/op [Average]
  (min, avg, max) = (25,404, 29,530, 31,805), stdev = 2,856
  CI (99.9%): [26,477, 32,583] (assumes normal distribution)

Secondary result "io.grpc.benchmarks.netty.HpackTableSizeBenchmark.constructEncoder:gc.alloc.rate":
  12256,060 ±(99.9%) 1356,174 MB/sec [Average]
  (min, avg, max) = (11272,991, 12256,060, 14113,913), stdev = 1268,566
  CI (99.9%): [10899,886, 13612,234] (assumes normal distribution)

Secondary result "io.grpc.benchmarks.netty.HpackTableSizeBenchmark.constructEncoder:gc.alloc.rate.norm":
  376,000 ±(99.9%) 0,001 B/op [Average]
  (min, avg, max) = (376,000, 376,000, 376,000), stdev = 0,001
  CI (99.9%): [376,000, 376,000] (assumes normal distribution)

Secondary result "io.grpc.benchmarks.netty.HpackTableSizeBenchmark.constructEncoder:gc.count":
  605,000 ±(99.9%) 0,001 counts [Sum]
  (min, avg, max) = (37,000, 40,333, 47,000), stdev = 4,186
  CI (99.9%): [605,000, 605,000] (assumes normal distribution)

Secondary result "io.grpc.benchmarks.netty.HpackTableSizeBenchmark.constructEncoder:gc.time":
  297,000 ±(99.9%) 0,001 ms [Sum]
  (min, avg, max) = (17,000, 19,800, 23,000), stdev = 2,274
  CI (99.9%): [297,000, 297,000] (assumes normal distribution)


# JMH version: 1.37
# VM version: JDK 21.0.12, OpenJDK 64-Bit Server VM, 21.0.12
# VM invoker: /opt/homebrew/Cellar/openjdk@21/21.0.12/libexec/openjdk.jdk/Contents/Home/bin/java
# VM options: -Xms512m -Xmx512m -XX:+UseG1GC
# Blackhole mode: compiler (auto-detected, use -Djmh.blackhole.autoDetect=false to disable)
# Warmup: 3 iterations, 1 s each
# Measurement: 5 iterations, 1 s each
# Timeout: 10 min per iteration
# Threads: 1 thread, will synchronize iterations
# Benchmark mode: Average time, time/op
# Benchmark: io.grpc.benchmarks.netty.HpackTableSizeBenchmark.constructEncoder
# Parameters: (buckets = 64)

# Run progress: 3,33% complete, ETA 00:11:54
# Fork: 1 of 3
# Warmup Iteration   1: 35,363 ns/op
# Warmup Iteration   2: 33,840 ns/op
# Warmup Iteration   3: 34,012 ns/op
Iteration   1: 34,054 ns/op
                 gc.alloc.rate:      21281,068 MB/sec
                 gc.alloc.rate.norm: 760,000 B/op
                 gc.count:           70,000 counts
                 gc.time:            34,000 ms

Iteration   2: 34,063 ns/op
                 gc.alloc.rate:      21275,690 MB/sec
                 gc.alloc.rate.norm: 760,000 B/op
                 gc.count:           71,000 counts
                 gc.time:            34,000 ms

Iteration   3: 34,495 ns/op
                 gc.alloc.rate:      21009,804 MB/sec
                 gc.alloc.rate.norm: 760,000 B/op
                 gc.count:           69,000 counts
                 gc.time:            34,000 ms

Iteration   4: 34,398 ns/op
                 gc.alloc.rate:      21068,327 MB/sec
                 gc.alloc.rate.norm: 760,000 B/op
                 gc.count:           69,000 counts
                 gc.time:            33,000 ms

Iteration   5: 34,373 ns/op
                 gc.alloc.rate:      21083,444 MB/sec
                 gc.alloc.rate.norm: 760,000 B/op
                 gc.count:           69,000 counts
                 gc.time:            34,000 ms


# Run progress: 4,44% complete, ETA 00:11:46
# Fork: 2 of 3
# Warmup Iteration   1: 38,717 ns/op
# Warmup Iteration   2: 37,261 ns/op
# Warmup Iteration   3: 37,259 ns/op
Iteration   1: 37,153 ns/op
                 gc.alloc.rate:      19506,153 MB/sec
                 gc.alloc.rate.norm: 760,000 B/op
                 gc.count:           64,000 counts
                 gc.time:            31,000 ms

Iteration   2: 36,856 ns/op
                 gc.alloc.rate:      19663,368 MB/sec
                 gc.alloc.rate.norm: 760,000 B/op
                 gc.count:           65,000 counts
                 gc.time:            31,000 ms

Iteration   3: 36,828 ns/op
                 gc.alloc.rate:      19677,710 MB/sec
                 gc.alloc.rate.norm: 760,000 B/op
                 gc.count:           64,000 counts
                 gc.time:            32,000 ms

Iteration   4: 37,191 ns/op
                 gc.alloc.rate:      19486,206 MB/sec
                 gc.alloc.rate.norm: 760,000 B/op
                 gc.count:           64,000 counts
                 gc.time:            30,000 ms

Iteration   5: 36,953 ns/op
                 gc.alloc.rate:      19611,395 MB/sec
                 gc.alloc.rate.norm: 760,000 B/op
                 gc.count:           65,000 counts
                 gc.time:            31,000 ms


# Run progress: 5,56% complete, ETA 00:11:37
# Fork: 3 of 3
# Warmup Iteration   1: 38,234 ns/op
# Warmup Iteration   2: 36,797 ns/op
# Warmup Iteration   3: 36,646 ns/op
Iteration   1: 36,996 ns/op
                 gc.alloc.rate:      19588,921 MB/sec
                 gc.alloc.rate.norm: 760,000 B/op
                 gc.count:           64,000 counts
                 gc.time:            30,000 ms

Iteration   2: 37,350 ns/op
                 gc.alloc.rate:      19403,298 MB/sec
                 gc.alloc.rate.norm: 760,000 B/op
                 gc.count:           64,000 counts
                 gc.time:            31,000 ms

Iteration   3: 37,407 ns/op
                 gc.alloc.rate:      19373,911 MB/sec
                 gc.alloc.rate.norm: 760,000 B/op
                 gc.count:           63,000 counts
                 gc.time:            31,000 ms

Iteration   4: 37,352 ns/op
                 gc.alloc.rate:      19402,366 MB/sec
                 gc.alloc.rate.norm: 760,000 B/op
                 gc.count:           64,000 counts
                 gc.time:            31,000 ms

Iteration   5: 37,340 ns/op
                 gc.alloc.rate:      19408,007 MB/sec
                 gc.alloc.rate.norm: 760,000 B/op
                 gc.count:           64,000 counts
                 gc.time:            31,000 ms



Result "io.grpc.benchmarks.netty.HpackTableSizeBenchmark.constructEncoder":
  36,187 ±(99.9%) 1,511 ns/op [Average]
  (min, avg, max) = (34,054, 36,187, 37,407), stdev = 1,414
  CI (99.9%): [34,676, 37,699] (assumes normal distribution)

Secondary result "io.grpc.benchmarks.netty.HpackTableSizeBenchmark.constructEncoder:gc.alloc.rate":
  20055,978 ±(99.9%) 859,871 MB/sec [Average]
  (min, avg, max) = (19373,911, 20055,978, 21281,068), stdev = 804,324
  CI (99.9%): [19196,107, 20915,849] (assumes normal distribution)

Secondary result "io.grpc.benchmarks.netty.HpackTableSizeBenchmark.constructEncoder:gc.alloc.rate.norm":
  760,000 ±(99.9%) 0,001 B/op [Average]
  (min, avg, max) = (760,000, 760,000, 760,000), stdev = 0,001
  CI (99.9%): [760,000, 760,000] (assumes normal distribution)

Secondary result "io.grpc.benchmarks.netty.HpackTableSizeBenchmark.constructEncoder:gc.count":
  989,000 ±(99.9%) 0,001 counts [Sum]
  (min, avg, max) = (63,000, 65,933, 71,000), stdev = 2,764
  CI (99.9%): [989,000, 989,000] (assumes normal distribution)

Secondary result "io.grpc.benchmarks.netty.HpackTableSizeBenchmark.constructEncoder:gc.time":
  478,000 ±(99.9%) 0,001 ms [Sum]
  (min, avg, max) = (30,000, 31,867, 34,000), stdev = 1,506
  CI (99.9%): [478,000, 478,000] (assumes normal distribution)


# JMH version: 1.37
# VM version: JDK 21.0.12, OpenJDK 64-Bit Server VM, 21.0.12
# VM invoker: /opt/homebrew/Cellar/openjdk@21/21.0.12/libexec/openjdk.jdk/Contents/Home/bin/java
# VM options: -Xms512m -Xmx512m -XX:+UseG1GC
# Blackhole mode: compiler (auto-detected, use -Djmh.blackhole.autoDetect=false to disable)
# Warmup: 3 iterations, 1 s each
# Measurement: 5 iterations, 1 s each
# Timeout: 10 min per iteration
# Threads: 1 thread, will synchronize iterations
# Benchmark mode: Average time, time/op
# Benchmark: io.grpc.benchmarks.netty.HpackTableSizeBenchmark.constructEncoder
# Parameters: (buckets = 128)

# Run progress: 6,67% complete, ETA 00:11:29
# Fork: 1 of 3
# Warmup Iteration   1: 103,109 ns/op
# Warmup Iteration   2: 100,678 ns/op
# Warmup Iteration   3: 100,569 ns/op
Iteration   1: 99,996 ns/op
                 gc.alloc.rate:      12129,708 MB/sec
                 gc.alloc.rate.norm: 1272,001 B/op
                 gc.count:           40,000 counts
                 gc.time:            20,000 ms

Iteration   2: 99,864 ns/op
                 gc.alloc.rate:      12145,921 MB/sec
                 gc.alloc.rate.norm: 1272,001 B/op
                 gc.count:           40,000 counts
                 gc.time:            20,000 ms

Iteration   3: 100,915 ns/op
                 gc.alloc.rate:      12019,394 MB/sec
                 gc.alloc.rate.norm: 1272,001 B/op
                 gc.count:           40,000 counts
                 gc.time:            20,000 ms

Iteration   4: 100,867 ns/op
                 gc.alloc.rate:      12025,229 MB/sec
                 gc.alloc.rate.norm: 1272,001 B/op
                 gc.count:           39,000 counts
                 gc.time:            19,000 ms

Iteration   5: 100,038 ns/op
                 gc.alloc.rate:      12124,482 MB/sec
                 gc.alloc.rate.norm: 1272,001 B/op
                 gc.count:           40,000 counts
                 gc.time:            20,000 ms


# Run progress: 7,78% complete, ETA 00:11:20
# Fork: 2 of 3
# Warmup Iteration   1: 102,794 ns/op
# Warmup Iteration   2: 99,698 ns/op
# Warmup Iteration   3: 100,299 ns/op
Iteration   1: 100,585 ns/op
                 gc.alloc.rate:      12058,908 MB/sec
                 gc.alloc.rate.norm: 1272,001 B/op
                 gc.count:           40,000 counts
                 gc.time:            20,000 ms

Iteration   2: 100,272 ns/op
                 gc.alloc.rate:      12096,578 MB/sec
                 gc.alloc.rate.norm: 1272,001 B/op
                 gc.count:           40,000 counts
                 gc.time:            20,000 ms

Iteration   3: 100,620 ns/op
                 gc.alloc.rate:      12054,602 MB/sec
                 gc.alloc.rate.norm: 1272,001 B/op
                 gc.count:           39,000 counts
                 gc.time:            19,000 ms

Iteration   4: 100,909 ns/op
                 gc.alloc.rate:      12020,192 MB/sec
                 gc.alloc.rate.norm: 1272,001 B/op
                 gc.count:           40,000 counts
                 gc.time:            21,000 ms

Iteration   5: 100,430 ns/op
                 gc.alloc.rate:      12077,229 MB/sec
                 gc.alloc.rate.norm: 1272,001 B/op
                 gc.count:           39,000 counts
                 gc.time:            19,000 ms


# Run progress: 8,89% complete, ETA 00:11:12
# Fork: 3 of 3
# Warmup Iteration   1: 109,539 ns/op
# Warmup Iteration   2: 106,564 ns/op
# Warmup Iteration   3: 105,740 ns/op
Iteration   1: 105,837 ns/op
                 gc.alloc.rate:      11460,412 MB/sec
                 gc.alloc.rate.norm: 1272,001 B/op
                 gc.count:           38,000 counts
                 gc.time:            19,000 ms

Iteration   2: 107,588 ns/op
                 gc.alloc.rate:      11273,975 MB/sec
                 gc.alloc.rate.norm: 1272,001 B/op
                 gc.count:           37,000 counts
                 gc.time:            19,000 ms

Iteration   3: 106,609 ns/op
                 gc.alloc.rate:      11377,391 MB/sec
                 gc.alloc.rate.norm: 1272,001 B/op
                 gc.count:           37,000 counts
                 gc.time:            18,000 ms

Iteration   4: 105,383 ns/op
                 gc.alloc.rate:      11509,790 MB/sec
                 gc.alloc.rate.norm: 1272,001 B/op
                 gc.count:           38,000 counts
                 gc.time:            19,000 ms

Iteration   5: 106,174 ns/op
                 gc.alloc.rate:      11423,787 MB/sec
                 gc.alloc.rate.norm: 1272,001 B/op
                 gc.count:           38,000 counts
                 gc.time:            18,000 ms



Result "io.grpc.benchmarks.netty.HpackTableSizeBenchmark.constructEncoder":
  102,406 ±(99.9%) 3,117 ns/op [Average]
  (min, avg, max) = (99,864, 102,406, 107,588), stdev = 2,916
  CI (99.9%): [99,289, 105,523] (assumes normal distribution)

Secondary result "io.grpc.benchmarks.netty.HpackTableSizeBenchmark.constructEncoder:gc.alloc.rate":
  11853,173 ±(99.9%) 353,604 MB/sec [Average]
  (min, avg, max) = (11273,975, 11853,173, 12145,921), stdev = 330,761
  CI (99.9%): [11499,569, 12206,777] (assumes normal distribution)

Secondary result "io.grpc.benchmarks.netty.HpackTableSizeBenchmark.constructEncoder:gc.alloc.rate.norm":
  1272,001 ±(99.9%) 0,001 B/op [Average]
  (min, avg, max) = (1272,001, 1272,001, 1272,001), stdev = 0,001
  CI (99.9%): [1272,001, 1272,001] (assumes normal distribution)

Secondary result "io.grpc.benchmarks.netty.HpackTableSizeBenchmark.constructEncoder:gc.count":
  585,000 ±(99.9%) 0,001 counts [Sum]
  (min, avg, max) = (37,000, 39,000, 40,000), stdev = 1,134
  CI (99.9%): [585,000, 585,000] (assumes normal distribution)

Secondary result "io.grpc.benchmarks.netty.HpackTableSizeBenchmark.constructEncoder:gc.time":
  291,000 ±(99.9%) 0,001 ms [Sum]
  (min, avg, max) = (18,000, 19,400, 21,000), stdev = 0,828
  CI (99.9%): [291,000, 291,000] (assumes normal distribution)


# JMH version: 1.37
# VM version: JDK 21.0.12, OpenJDK 64-Bit Server VM, 21.0.12
# VM invoker: /opt/homebrew/Cellar/openjdk@21/21.0.12/libexec/openjdk.jdk/Contents/Home/bin/java
# VM options: -Xms512m -Xmx512m -XX:+UseG1GC
# Blackhole mode: compiler (auto-detected, use -Djmh.blackhole.autoDetect=false to disable)
# Warmup: 3 iterations, 1 s each
# Measurement: 5 iterations, 1 s each
# Timeout: 10 min per iteration
# Threads: 1 thread, will synchronize iterations
# Benchmark mode: Average time, time/op
# Benchmark: io.grpc.benchmarks.netty.HpackTableSizeBenchmark.encode
# Parameters: (buckets = 16, peerTableBytes = 1024, workload = STABLE)

# Run progress: 10,00% complete, ETA 00:11:04
# Fork: 1 of 3
# Warmup Iteration   1: 192,891 ns/op
# Warmup Iteration   2: 187,105 ns/op
# Warmup Iteration   3: 186,183 ns/op
Iteration   1: 185,513 ns/op
                 encodedBytes:       12,000 B/op
                 gc.alloc.rate:      3906,521 MB/sec
                 gc.alloc.rate.norm: 760,001 B/op
                 gc.count:           13,000 counts
                 gc.time:            7,000 ms

Iteration   2: 185,160 ns/op
                 encodedBytes:       12,000 B/op
                 gc.alloc.rate:      3913,873 MB/sec
                 gc.alloc.rate.norm: 760,001 B/op
                 gc.count:           13,000 counts
                 gc.time:            6,000 ms

Iteration   3: 186,077 ns/op
                 encodedBytes:       12,000 B/op
                 gc.alloc.rate:      3894,663 MB/sec
                 gc.alloc.rate.norm: 760,001 B/op
                 gc.count:           13,000 counts
                 gc.time:            7,000 ms

Iteration   4: 185,561 ns/op
                 encodedBytes:       12,000 B/op
                 gc.alloc.rate:      3905,468 MB/sec
                 gc.alloc.rate.norm: 760,001 B/op
                 gc.count:           13,000 counts
                 gc.time:            7,000 ms

Iteration   5: 185,912 ns/op
                 encodedBytes:       12,000 B/op
                 gc.alloc.rate:      3897,761 MB/sec
                 gc.alloc.rate.norm: 760,001 B/op
                 gc.count:           12,000 counts
                 gc.time:            6,000 ms


# Run progress: 11,11% complete, ETA 00:10:56
# Fork: 2 of 3
# Warmup Iteration   1: 195,400 ns/op
# Warmup Iteration   2: 185,718 ns/op
# Warmup Iteration   3: 184,188 ns/op
Iteration   1: 183,314 ns/op
                 encodedBytes:       12,000 B/op
                 gc.alloc.rate:      3953,353 MB/sec
                 gc.alloc.rate.norm: 760,001 B/op
                 gc.count:           13,000 counts
                 gc.time:            6,000 ms

Iteration   2: 184,767 ns/op
                 encodedBytes:       12,000 B/op
                 gc.alloc.rate:      3922,270 MB/sec
                 gc.alloc.rate.norm: 760,001 B/op
                 gc.count:           13,000 counts
                 gc.time:            7,000 ms

Iteration   3: 182,619 ns/op
                 encodedBytes:       12,000 B/op
                 gc.alloc.rate:      3968,408 MB/sec
                 gc.alloc.rate.norm: 760,001 B/op
                 gc.count:           13,000 counts
                 gc.time:            7,000 ms

Iteration   4: 182,394 ns/op
                 encodedBytes:       12,000 B/op
                 gc.alloc.rate:      3973,359 MB/sec
                 gc.alloc.rate.norm: 760,001 B/op
                 gc.count:           13,000 counts
                 gc.time:            6,000 ms

Iteration   5: 184,323 ns/op
                 encodedBytes:       12,000 B/op
                 gc.alloc.rate:      3931,351 MB/sec
                 gc.alloc.rate.norm: 760,001 B/op
                 gc.count:           13,000 counts
                 gc.time:            6,000 ms


# Run progress: 12,22% complete, ETA 00:10:48
# Fork: 3 of 3
# Warmup Iteration   1: 193,681 ns/op
# Warmup Iteration   2: 186,597 ns/op
# Warmup Iteration   3: 185,958 ns/op
Iteration   1: 186,418 ns/op
                 encodedBytes:       12,000 B/op
                 gc.alloc.rate:      3887,549 MB/sec
                 gc.alloc.rate.norm: 760,001 B/op
                 gc.count:           13,000 counts
                 gc.time:            6,000 ms

Iteration   2: 186,013 ns/op
                 encodedBytes:       12,000 B/op
                 gc.alloc.rate:      3896,035 MB/sec
                 gc.alloc.rate.norm: 760,001 B/op
                 gc.count:           13,000 counts
                 gc.time:            7,000 ms

Iteration   3: 185,853 ns/op
                 encodedBytes:       12,000 B/op
                 gc.alloc.rate:      3899,383 MB/sec
                 gc.alloc.rate.norm: 760,001 B/op
                 gc.count:           13,000 counts
                 gc.time:            6,000 ms

Iteration   4: 187,336 ns/op
                 encodedBytes:       12,000 B/op
                 gc.alloc.rate:      3868,506 MB/sec
                 gc.alloc.rate.norm: 760,001 B/op
                 gc.count:           12,000 counts
                 gc.time:            6,000 ms

Iteration   5: 184,310 ns/op
                 encodedBytes:       12,000 B/op
                 gc.alloc.rate:      3931,663 MB/sec
                 gc.alloc.rate.norm: 760,001 B/op
                 gc.count:           13,000 counts
                 gc.time:            7,000 ms



Result "io.grpc.benchmarks.netty.HpackTableSizeBenchmark.encode":
  185,038 ±(99.9%) 1,514 ns/op [Average]
  (min, avg, max) = (182,394, 185,038, 187,336), stdev = 1,416
  CI (99.9%): [183,524, 186,552] (assumes normal distribution)

Secondary result "io.grpc.benchmarks.netty.HpackTableSizeBenchmark.encode:encodedBytes":
  12,000 ±(99.9%) 0,001 B/op [Average]
  (min, avg, max) = (12,000, 12,000, 12,000), stdev = 0,001
  CI (99.9%): [12,000, 12,000] (assumes normal distribution)

Secondary result "io.grpc.benchmarks.netty.HpackTableSizeBenchmark.encode:gc.alloc.rate":
  3916,677 ±(99.9%) 32,172 MB/sec [Average]
  (min, avg, max) = (3868,506, 3916,677, 3973,359), stdev = 30,093
  CI (99.9%): [3884,506, 3948,849] (assumes normal distribution)

Secondary result "io.grpc.benchmarks.netty.HpackTableSizeBenchmark.encode:gc.alloc.rate.norm":
  760,001 ±(99.9%) 0,001 B/op [Average]
  (min, avg, max) = (760,001, 760,001, 760,001), stdev = 0,001
  CI (99.9%): [760,001, 760,001] (assumes normal distribution)

Secondary result "io.grpc.benchmarks.netty.HpackTableSizeBenchmark.encode:gc.count":
  193,000 ±(99.9%) 0,001 counts [Sum]
  (min, avg, max) = (12,000, 12,867, 13,000), stdev = 0,352
  CI (99.9%): [193,000, 193,000] (assumes normal distribution)

Secondary result "io.grpc.benchmarks.netty.HpackTableSizeBenchmark.encode:gc.time":
  97,000 ±(99.9%) 0,001 ms [Sum]
  (min, avg, max) = (6,000, 6,467, 7,000), stdev = 0,516
  CI (99.9%): [97,000, 97,000] (assumes normal distribution)


# JMH version: 1.37
# VM version: JDK 21.0.12, OpenJDK 64-Bit Server VM, 21.0.12
# VM invoker: /opt/homebrew/Cellar/openjdk@21/21.0.12/libexec/openjdk.jdk/Contents/Home/bin/java
# VM options: -Xms512m -Xmx512m -XX:+UseG1GC
# Blackhole mode: compiler (auto-detected, use -Djmh.blackhole.autoDetect=false to disable)
# Warmup: 3 iterations, 1 s each
# Measurement: 5 iterations, 1 s each
# Timeout: 10 min per iteration
# Threads: 1 thread, will synchronize iterations
# Benchmark mode: Average time, time/op
# Benchmark: io.grpc.benchmarks.netty.HpackTableSizeBenchmark.encode
# Parameters: (buckets = 16, peerTableBytes = 1024, workload = MIXED_SHORT)

# Run progress: 13,33% complete, ETA 00:10:40
# Fork: 1 of 3
# Warmup Iteration   1: 1441,880 ns/op
# Warmup Iteration   2: 1367,076 ns/op
# Warmup Iteration   3: 1373,599 ns/op
Iteration   1: 1355,607 ns/op
                 encodedBytes:       601,816 B/op
                 gc.alloc.rate:      1828,897 MB/sec
                 gc.alloc.rate.norm: 2600,010 B/op
                 gc.count:           6,000 counts
                 gc.time:            3,000 ms

Iteration   2: 1358,883 ns/op
                 encodedBytes:       601,816 B/op
                 gc.alloc.rate:      1824,505 MB/sec
                 gc.alloc.rate.norm: 2600,010 B/op
                 gc.count:           6,000 counts
                 gc.time:            3,000 ms

Iteration   3: 1358,887 ns/op
                 encodedBytes:       601,816 B/op
                 gc.alloc.rate:      1824,500 MB/sec
                 gc.alloc.rate.norm: 2600,010 B/op
                 gc.count:           6,000 counts
                 gc.time:            4,000 ms

Iteration   4: 1358,524 ns/op
                 encodedBytes:       601,816 B/op
                 gc.alloc.rate:      1824,983 MB/sec
                 gc.alloc.rate.norm: 2600,010 B/op
                 gc.count:           6,000 counts
                 gc.time:            3,000 ms

Iteration   5: 1387,274 ns/op
                 encodedBytes:       601,816 B/op
                 gc.alloc.rate:      1786,999 MB/sec
                 gc.alloc.rate.norm: 2600,010 B/op
                 gc.count:           6,000 counts
                 gc.time:            3,000 ms


# Run progress: 14,44% complete, ETA 00:10:31
# Fork: 2 of 3
# Warmup Iteration   1: 1370,280 ns/op
# Warmup Iteration   2: 1309,032 ns/op
# Warmup Iteration   3: 1300,246 ns/op
Iteration   1: 1305,752 ns/op
                 encodedBytes:       601,816 B/op
                 gc.alloc.rate:      1898,731 MB/sec
                 gc.alloc.rate.norm: 2600,009 B/op
                 gc.count:           6,000 counts
                 gc.time:            4,000 ms

Iteration   2: 1302,209 ns/op
                 encodedBytes:       601,816 B/op
                 gc.alloc.rate:      1903,892 MB/sec
                 gc.alloc.rate.norm: 2600,009 B/op
                 gc.count:           6,000 counts
                 gc.time:            3,000 ms

Iteration   3: 1304,141 ns/op
                 encodedBytes:       601,816 B/op
                 gc.alloc.rate:      1901,091 MB/sec
                 gc.alloc.rate.norm: 2600,009 B/op
                 gc.count:           7,000 counts
                 gc.time:            4,000 ms

Iteration   4: 1298,792 ns/op
                 encodedBytes:       601,816 B/op
                 gc.alloc.rate:      1908,924 MB/sec
                 gc.alloc.rate.norm: 2600,009 B/op
                 gc.count:           6,000 counts
                 gc.time:            3,000 ms

Iteration   5: 1292,254 ns/op
                 encodedBytes:       601,816 B/op
                 gc.alloc.rate:      1918,407 MB/sec
                 gc.alloc.rate.norm: 2600,009 B/op
                 gc.count:           6,000 counts
                 gc.time:            3,000 ms


# Run progress: 15,56% complete, ETA 00:10:23
# Fork: 3 of 3
# Warmup Iteration   1: 1065,198 ns/op
# Warmup Iteration   2: 1007,539 ns/op
# Warmup Iteration   3: 1004,830 ns/op
Iteration   1: 1008,177 ns/op
                 encodedBytes:       601,816 B/op
                 gc.alloc.rate:      2459,161 MB/sec
                 gc.alloc.rate.norm: 2600,007 B/op
                 gc.count:           8,000 counts
                 gc.time:            4,000 ms

Iteration   2: 1010,550 ns/op
                 encodedBytes:       601,816 B/op
                 gc.alloc.rate:      2453,349 MB/sec
                 gc.alloc.rate.norm: 2600,007 B/op
                 gc.count:           8,000 counts
                 gc.time:            5,000 ms

Iteration   3: 1010,958 ns/op
                 encodedBytes:       601,816 B/op
                 gc.alloc.rate:      2452,399 MB/sec
                 gc.alloc.rate.norm: 2600,007 B/op
                 gc.count:           8,000 counts
                 gc.time:            4,000 ms

Iteration   4: 1008,713 ns/op
                 encodedBytes:       601,816 B/op
                 gc.alloc.rate:      2457,870 MB/sec
                 gc.alloc.rate.norm: 2600,007 B/op
                 gc.count:           9,000 counts
                 gc.time:            4,000 ms

Iteration   5: 1008,611 ns/op
                 encodedBytes:       601,816 B/op
                 gc.alloc.rate:      2457,887 MB/sec
                 gc.alloc.rate.norm: 2600,007 B/op
                 gc.count:           8,000 counts
                 gc.time:            5,000 ms



Result "io.grpc.benchmarks.netty.HpackTableSizeBenchmark.encode":
  1224,622 ±(99.9%) 171,002 ns/op [Average]
  (min, avg, max) = (1008,177, 1224,622, 1387,274), stdev = 159,956
  CI (99.9%): [1053,620, 1395,624] (assumes normal distribution)

Secondary result "io.grpc.benchmarks.netty.HpackTableSizeBenchmark.encode:encodedBytes":
  601,816 ±(99.9%) 0,001 B/op [Average]
  (min, avg, max) = (601,816, 601,816, 601,816), stdev = 0,001
  CI (99.9%): [601,816, 601,816] (assumes normal distribution)

Secondary result "io.grpc.benchmarks.netty.HpackTableSizeBenchmark.encode:gc.alloc.rate":
  2060,106 ±(99.9%) 312,628 MB/sec [Average]
  (min, avg, max) = (1786,999, 2060,106, 2459,161), stdev = 292,433
  CI (99.9%): [1747,478, 2372,734] (assumes normal distribution)

Secondary result "io.grpc.benchmarks.netty.HpackTableSizeBenchmark.encode:gc.alloc.rate.norm":
  2600,009 ±(99.9%) 0,001 B/op [Average]
  (min, avg, max) = (2600,007, 2600,009, 2600,010), stdev = 0,001
  CI (99.9%): [2600,008, 2600,010] (assumes normal distribution)

Secondary result "io.grpc.benchmarks.netty.HpackTableSizeBenchmark.encode:gc.count":
  102,000 ±(99.9%) 0,001 counts [Sum]
  (min, avg, max) = (6,000, 6,800, 9,000), stdev = 1,082
  CI (99.9%): [102,000, 102,000] (assumes normal distribution)

Secondary result "io.grpc.benchmarks.netty.HpackTableSizeBenchmark.encode:gc.time":
  55,000 ±(99.9%) 0,001 ms [Sum]
  (min, avg, max) = (3,000, 3,667, 5,000), stdev = 0,724
  CI (99.9%): [55,000, 55,000] (assumes normal distribution)


# JMH version: 1.37
# VM version: JDK 21.0.12, OpenJDK 64-Bit Server VM, 21.0.12
# VM invoker: /opt/homebrew/Cellar/openjdk@21/21.0.12/libexec/openjdk.jdk/Contents/Home/bin/java
# VM options: -Xms512m -Xmx512m -XX:+UseG1GC
# Blackhole mode: compiler (auto-detected, use -Djmh.blackhole.autoDetect=false to disable)
# Warmup: 3 iterations, 1 s each
# Measurement: 5 iterations, 1 s each
# Timeout: 10 min per iteration
# Threads: 1 thread, will synchronize iterations
# Benchmark mode: Average time, time/op
# Benchmark: io.grpc.benchmarks.netty.HpackTableSizeBenchmark.encode
# Parameters: (buckets = 16, peerTableBytes = 1024, workload = MIXED_LARGE)

# Run progress: 16,67% complete, ETA 00:10:15
# Fork: 1 of 3
# Warmup Iteration   1: 1251,128 ns/op
# Warmup Iteration   2: 1186,690 ns/op
# Warmup Iteration   3: 1193,531 ns/op
Iteration   1: 1187,312 ns/op
                 encodedBytes:       1687,816 B/op
                 gc.alloc.rate:      2088,151 MB/sec
                 gc.alloc.rate.norm: 2600,009 B/op
                 gc.count:           6,000 counts
                 gc.time:            4,000 ms

Iteration   2: 1186,396 ns/op
                 encodedBytes:       1687,816 B/op
                 gc.alloc.rate:      2089,722 MB/sec
                 gc.alloc.rate.norm: 2600,008 B/op
                 gc.count:           7,000 counts
                 gc.time:            3,000 ms

Iteration   3: 1184,248 ns/op
                 encodedBytes:       1687,816 B/op
                 gc.alloc.rate:      2093,544 MB/sec
                 gc.alloc.rate.norm: 2600,009 B/op
                 gc.count:           7,000 counts
                 gc.time:            4,000 ms

Iteration   4: 1184,836 ns/op
                 encodedBytes:       1687,816 B/op
                 gc.alloc.rate:      2092,499 MB/sec
                 gc.alloc.rate.norm: 2600,008 B/op
                 gc.count:           7,000 counts
                 gc.time:            4,000 ms

Iteration   5: 1186,335 ns/op
                 encodedBytes:       1687,816 B/op
                 gc.alloc.rate:      2089,678 MB/sec
                 gc.alloc.rate.norm: 2600,009 B/op
                 gc.count:           7,000 counts
                 gc.time:            3,000 ms


# Run progress: 17,78% complete, ETA 00:10:07
# Fork: 2 of 3
# Warmup Iteration   1: 1249,886 ns/op
# Warmup Iteration   2: 1186,690 ns/op
# Warmup Iteration   3: 1186,222 ns/op
Iteration   1: 1190,112 ns/op
                 encodedBytes:       1687,816 B/op
                 gc.alloc.rate:      2083,216 MB/sec
                 gc.alloc.rate.norm: 2600,009 B/op
                 gc.count:           7,000 counts
                 gc.time:            4,000 ms

Iteration   2: 1186,813 ns/op
                 encodedBytes:       1687,816 B/op
                 gc.alloc.rate:      2089,011 MB/sec
                 gc.alloc.rate.norm: 2600,009 B/op
                 gc.count:           6,000 counts
                 gc.time:            3,000 ms

Iteration   3: 1189,742 ns/op
                 encodedBytes:       1687,816 B/op
                 gc.alloc.rate:      2083,880 MB/sec
                 gc.alloc.rate.norm: 2600,009 B/op
                 gc.count:           7,000 counts
                 gc.time:            4,000 ms

Iteration   4: 1187,325 ns/op
                 encodedBytes:       1687,816 B/op
                 gc.alloc.rate:      2088,104 MB/sec
                 gc.alloc.rate.norm: 2600,009 B/op
                 gc.count:           7,000 counts
                 gc.time:            4,000 ms

Iteration   5: 1168,501 ns/op
                 encodedBytes:       1687,816 B/op
                 gc.alloc.rate:      2121,570 MB/sec
                 gc.alloc.rate.norm: 2600,008 B/op
                 gc.count:           7,000 counts
                 gc.time:            4,000 ms


# Run progress: 18,89% complete, ETA 00:09:59
# Fork: 3 of 3
# Warmup Iteration   1: 1242,002 ns/op
# Warmup Iteration   2: 1191,402 ns/op
# Warmup Iteration   3: 1193,135 ns/op
Iteration   1: 1189,479 ns/op
                 encodedBytes:       1687,816 B/op
                 gc.alloc.rate:      2084,328 MB/sec
                 gc.alloc.rate.norm: 2600,009 B/op
                 gc.count:           6,000 counts
                 gc.time:            3,000 ms

Iteration   2: 1178,591 ns/op
                 encodedBytes:       1687,816 B/op
                 gc.alloc.rate:      2103,603 MB/sec
                 gc.alloc.rate.norm: 2600,008 B/op
                 gc.count:           7,000 counts
                 gc.time:            4,000 ms

Iteration   3: 1176,590 ns/op
                 encodedBytes:       1687,816 B/op
                 gc.alloc.rate:      2107,180 MB/sec
                 gc.alloc.rate.norm: 2600,008 B/op
                 gc.count:           7,000 counts
                 gc.time:            4,000 ms

Iteration   4: 1176,834 ns/op
                 encodedBytes:       1687,816 B/op
                 gc.alloc.rate:      2106,740 MB/sec
                 gc.alloc.rate.norm: 2600,008 B/op
                 gc.count:           7,000 counts
                 gc.time:            4,000 ms

Iteration   5: 1173,407 ns/op
                 encodedBytes:       1687,816 B/op
                 gc.alloc.rate:      2112,718 MB/sec
                 gc.alloc.rate.norm: 2600,008 B/op
                 gc.count:           7,000 counts
                 gc.time:            4,000 ms



Result "io.grpc.benchmarks.netty.HpackTableSizeBenchmark.encode":
  1183,101 ±(99.9%) 7,103 ns/op [Average]
  (min, avg, max) = (1168,501, 1183,101, 1190,112), stdev = 6,644
  CI (99.9%): [1175,998, 1190,205] (assumes normal distribution)

Secondary result "io.grpc.benchmarks.netty.HpackTableSizeBenchmark.encode:encodedBytes":
  1687,816 ±(99.9%) 0,001 B/op [Average]
  (min, avg, max) = (1687,816, 1687,816, 1687,816), stdev = 0,001
  CI (99.9%): [1687,816, 1687,816] (assumes normal distribution)

Secondary result "io.grpc.benchmarks.netty.HpackTableSizeBenchmark.encode:gc.alloc.rate":
  2095,596 ±(99.9%) 12,604 MB/sec [Average]
  (min, avg, max) = (2083,216, 2095,596, 2121,570), stdev = 11,790
  CI (99.9%): [2082,992, 2108,200] (assumes normal distribution)

Secondary result "io.grpc.benchmarks.netty.HpackTableSizeBenchmark.encode:gc.alloc.rate.norm":
  2600,008 ±(99.9%) 0,001 B/op [Average]
  (min, avg, max) = (2600,008, 2600,008, 2600,009), stdev = 0,001
  CI (99.9%): [2600,008, 2600,009] (assumes normal distribution)

Secondary result "io.grpc.benchmarks.netty.HpackTableSizeBenchmark.encode:gc.count":
  102,000 ±(99.9%) 0,001 counts [Sum]
  (min, avg, max) = (6,000, 6,800, 7,000), stdev = 0,414
  CI (99.9%): [102,000, 102,000] (assumes normal distribution)

Secondary result "io.grpc.benchmarks.netty.HpackTableSizeBenchmark.encode:gc.time":
  56,000 ±(99.9%) 0,001 ms [Sum]
  (min, avg, max) = (3,000, 3,733, 4,000), stdev = 0,458
  CI (99.9%): [56,000, 56,000] (assumes normal distribution)


# JMH version: 1.37
# VM version: JDK 21.0.12, OpenJDK 64-Bit Server VM, 21.0.12
# VM invoker: /opt/homebrew/Cellar/openjdk@21/21.0.12/libexec/openjdk.jdk/Contents/Home/bin/java
# VM options: -Xms512m -Xmx512m -XX:+UseG1GC
# Blackhole mode: compiler (auto-detected, use -Djmh.blackhole.autoDetect=false to disable)
# Warmup: 3 iterations, 1 s each
# Measurement: 5 iterations, 1 s each
# Timeout: 10 min per iteration
# Threads: 1 thread, will synchronize iterations
# Benchmark mode: Average time, time/op
# Benchmark: io.grpc.benchmarks.netty.HpackTableSizeBenchmark.encode
# Parameters: (buckets = 16, peerTableBytes = 4096, workload = STABLE)

# Run progress: 20,00% complete, ETA 00:09:51
# Fork: 1 of 3
# Warmup Iteration   1: 190,894 ns/op
# Warmup Iteration   2: 184,260 ns/op
# Warmup Iteration   3: 183,646 ns/op
Iteration   1: 183,256 ns/op
                 encodedBytes:       12,000 B/op
                 gc.alloc.rate:      3954,568 MB/sec
                 gc.alloc.rate.norm: 760,001 B/op
                 gc.count:           13,000 counts
                 gc.time:            6,000 ms

Iteration   2: 183,420 ns/op
                 encodedBytes:       12,000 B/op
                 gc.alloc.rate:      3951,056 MB/sec
                 gc.alloc.rate.norm: 760,001 B/op
                 gc.count:           13,000 counts
                 gc.time:            7,000 ms

Iteration   3: 183,756 ns/op
                 encodedBytes:       12,000 B/op
                 gc.alloc.rate:      3943,732 MB/sec
                 gc.alloc.rate.norm: 760,001 B/op
                 gc.count:           13,000 counts
                 gc.time:            7,000 ms

Iteration   4: 183,256 ns/op
                 encodedBytes:       12,000 B/op
                 gc.alloc.rate:      3954,615 MB/sec
                 gc.alloc.rate.norm: 760,001 B/op
                 gc.count:           13,000 counts
                 gc.time:            6,000 ms

Iteration   5: 184,187 ns/op
                 encodedBytes:       12,000 B/op
                 gc.alloc.rate:      3934,252 MB/sec
                 gc.alloc.rate.norm: 760,001 B/op
                 gc.count:           13,000 counts
                 gc.time:            6,000 ms


# Run progress: 21,11% complete, ETA 00:09:43
# Fork: 2 of 3
# Warmup Iteration   1: 195,295 ns/op
# Warmup Iteration   2: 187,070 ns/op
# Warmup Iteration   3: 186,814 ns/op
Iteration   1: 183,564 ns/op
                 encodedBytes:       12,000 B/op
                 gc.alloc.rate:      3947,997 MB/sec
                 gc.alloc.rate.norm: 760,001 B/op
                 gc.count:           13,000 counts
                 gc.time:            6,000 ms

Iteration   2: 183,428 ns/op
                 encodedBytes:       12,000 B/op
                 gc.alloc.rate:      3950,916 MB/sec
                 gc.alloc.rate.norm: 760,001 B/op
                 gc.count:           13,000 counts
                 gc.time:            7,000 ms

Iteration   3: 183,510 ns/op
                 encodedBytes:       12,000 B/op
                 gc.alloc.rate:      3949,123 MB/sec
                 gc.alloc.rate.norm: 760,001 B/op
                 gc.count:           13,000 counts
                 gc.time:            6,000 ms

Iteration   4: 183,780 ns/op
                 encodedBytes:       12,000 B/op
                 gc.alloc.rate:      3943,360 MB/sec
                 gc.alloc.rate.norm: 760,001 B/op
                 gc.count:           13,000 counts
                 gc.time:            7,000 ms

Iteration   5: 183,332 ns/op
                 encodedBytes:       12,000 B/op
                 gc.alloc.rate:      3952,432 MB/sec
                 gc.alloc.rate.norm: 760,001 B/op
                 gc.count:           13,000 counts
                 gc.time:            6,000 ms


# Run progress: 22,22% complete, ETA 00:09:34
# Fork: 3 of 3
# Warmup Iteration   1: 193,378 ns/op
# Warmup Iteration   2: 186,094 ns/op
# Warmup Iteration   3: 183,026 ns/op
Iteration   1: 186,565 ns/op
                 encodedBytes:       12,000 B/op
                 gc.alloc.rate:      3884,496 MB/sec
                 gc.alloc.rate.norm: 760,001 B/op
                 gc.count:           12,000 counts
                 gc.time:            6,000 ms

Iteration   2: 184,076 ns/op
                 encodedBytes:       12,000 B/op
                 gc.alloc.rate:      3936,962 MB/sec
                 gc.alloc.rate.norm: 760,001 B/op
                 gc.count:           13,000 counts
                 gc.time:            7,000 ms

Iteration   3: 183,263 ns/op
                 encodedBytes:       12,000 B/op
                 gc.alloc.rate:      3954,474 MB/sec
                 gc.alloc.rate.norm: 760,001 B/op
                 gc.count:           13,000 counts
                 gc.time:            6,000 ms

Iteration   4: 183,727 ns/op
                 encodedBytes:       12,000 B/op
                 gc.alloc.rate:      3944,494 MB/sec
                 gc.alloc.rate.norm: 760,001 B/op
                 gc.count:           13,000 counts
                 gc.time:            7,000 ms

Iteration   5: 186,632 ns/op
                 encodedBytes:       12,000 B/op
                 gc.alloc.rate:      3882,751 MB/sec
                 gc.alloc.rate.norm: 760,001 B/op
                 gc.count:           13,000 counts
                 gc.time:            6,000 ms



Result "io.grpc.benchmarks.netty.HpackTableSizeBenchmark.encode":
  183,983 ±(99.9%) 1,175 ns/op [Average]
  (min, avg, max) = (183,256, 183,983, 186,632), stdev = 1,099
  CI (99.9%): [182,808, 185,159] (assumes normal distribution)

Secondary result "io.grpc.benchmarks.netty.HpackTableSizeBenchmark.encode:encodedBytes":
  12,000 ±(99.9%) 0,001 B/op [Average]
  (min, avg, max) = (12,000, 12,000, 12,000), stdev = 0,001
  CI (99.9%): [12,000, 12,000] (assumes normal distribution)

Secondary result "io.grpc.benchmarks.netty.HpackTableSizeBenchmark.encode:gc.alloc.rate":
  3939,015 ±(99.9%) 24,924 MB/sec [Average]
  (min, avg, max) = (3882,751, 3939,015, 3954,615), stdev = 23,314
  CI (99.9%): [3914,091, 3963,940] (assumes normal distribution)

Secondary result "io.grpc.benchmarks.netty.HpackTableSizeBenchmark.encode:gc.alloc.rate.norm":
  760,001 ±(99.9%) 0,001 B/op [Average]
  (min, avg, max) = (760,001, 760,001, 760,001), stdev = 0,001
  CI (99.9%): [760,001, 760,001] (assumes normal distribution)

Secondary result "io.grpc.benchmarks.netty.HpackTableSizeBenchmark.encode:gc.count":
  194,000 ±(99.9%) 0,001 counts [Sum]
  (min, avg, max) = (12,000, 12,933, 13,000), stdev = 0,258
  CI (99.9%): [194,000, 194,000] (assumes normal distribution)

Secondary result "io.grpc.benchmarks.netty.HpackTableSizeBenchmark.encode:gc.time":
  96,000 ±(99.9%) 0,001 ms [Sum]
  (min, avg, max) = (6,000, 6,400, 7,000), stdev = 0,507
  CI (99.9%): [96,000, 96,000] (assumes normal distribution)


# JMH version: 1.37
# VM version: JDK 21.0.12, OpenJDK 64-Bit Server VM, 21.0.12
# VM invoker: /opt/homebrew/Cellar/openjdk@21/21.0.12/libexec/openjdk.jdk/Contents/Home/bin/java
# VM options: -Xms512m -Xmx512m -XX:+UseG1GC
# Blackhole mode: compiler (auto-detected, use -Djmh.blackhole.autoDetect=false to disable)
# Warmup: 3 iterations, 1 s each
# Measurement: 5 iterations, 1 s each
# Timeout: 10 min per iteration
# Threads: 1 thread, will synchronize iterations
# Benchmark mode: Average time, time/op
# Benchmark: io.grpc.benchmarks.netty.HpackTableSizeBenchmark.encode
# Parameters: (buckets = 16, peerTableBytes = 4096, workload = MIXED_SHORT)

# Run progress: 23,33% complete, ETA 00:09:26
# Fork: 1 of 3
# Warmup Iteration   1: 1056,285 ns/op
# Warmup Iteration   2: 987,088 ns/op
# Warmup Iteration   3: 989,794 ns/op
Iteration   1: 996,245 ns/op
                 encodedBytes:       601,816 B/op
                 gc.alloc.rate:      2488,625 MB/sec
                 gc.alloc.rate.norm: 2600,007 B/op
                 gc.count:           8,000 counts
                 gc.time:            4,000 ms

Iteration   2: 989,473 ns/op
                 encodedBytes:       601,816 B/op
                 gc.alloc.rate:      2505,665 MB/sec
                 gc.alloc.rate.norm: 2600,007 B/op
                 gc.count:           8,000 counts
                 gc.time:            4,000 ms

Iteration   3: 969,687 ns/op
                 encodedBytes:       601,816 B/op
                 gc.alloc.rate:      2556,747 MB/sec
                 gc.alloc.rate.norm: 2600,007 B/op
                 gc.count:           8,000 counts
                 gc.time:            4,000 ms

Iteration   4: 969,414 ns/op
                 encodedBytes:       601,816 B/op
                 gc.alloc.rate:      2557,511 MB/sec
                 gc.alloc.rate.norm: 2600,007 B/op
                 gc.count:           9,000 counts
                 gc.time:            5,000 ms

Iteration   5: 974,028 ns/op
                 encodedBytes:       601,816 B/op
                 gc.alloc.rate:      2545,147 MB/sec
                 gc.alloc.rate.norm: 2600,007 B/op
                 gc.count:           8,000 counts
                 gc.time:            4,000 ms


# Run progress: 24,44% complete, ETA 00:09:18
# Fork: 2 of 3
# Warmup Iteration   1: 1435,704 ns/op
# Warmup Iteration   2: 1369,821 ns/op
# Warmup Iteration   3: 1374,462 ns/op
Iteration   1: 1380,059 ns/op
                 encodedBytes:       601,816 B/op
                 gc.alloc.rate:      1796,490 MB/sec
                 gc.alloc.rate.norm: 2600,010 B/op
                 gc.count:           6,000 counts
                 gc.time:            3,000 ms

Iteration   2: 1375,311 ns/op
                 encodedBytes:       601,816 B/op
                 gc.alloc.rate:      1802,709 MB/sec
                 gc.alloc.rate.norm: 2600,010 B/op
                 gc.count:           6,000 counts
                 gc.time:            3,000 ms

Iteration   3: 1372,697 ns/op
                 encodedBytes:       601,816 B/op
                 gc.alloc.rate:      1806,125 MB/sec
                 gc.alloc.rate.norm: 2600,010 B/op
                 gc.count:           6,000 counts
                 gc.time:            4,000 ms

Iteration   4: 1365,025 ns/op
                 encodedBytes:       601,816 B/op
                 gc.alloc.rate:      1816,278 MB/sec
                 gc.alloc.rate.norm: 2600,010 B/op
                 gc.count:           6,000 counts
                 gc.time:            3,000 ms

Iteration   5: 1366,725 ns/op
                 encodedBytes:       601,816 B/op
                 gc.alloc.rate:      1813,870 MB/sec
                 gc.alloc.rate.norm: 2600,010 B/op
                 gc.count:           6,000 counts
                 gc.time:            3,000 ms


# Run progress: 25,56% complete, ETA 00:09:10
# Fork: 3 of 3
# Warmup Iteration   1: 1023,225 ns/op
# Warmup Iteration   2: 985,535 ns/op
# Warmup Iteration   3: 976,609 ns/op
Iteration   1: 985,655 ns/op
                 encodedBytes:       601,816 B/op
                 gc.alloc.rate:      2515,356 MB/sec
                 gc.alloc.rate.norm: 2600,007 B/op
                 gc.count:           8,000 counts
                 gc.time:            4,000 ms

Iteration   2: 986,600 ns/op
                 encodedBytes:       601,816 B/op
                 gc.alloc.rate:      2512,941 MB/sec
                 gc.alloc.rate.norm: 2600,007 B/op
                 gc.count:           8,000 counts
                 gc.time:            4,000 ms

Iteration   3: 987,708 ns/op
                 encodedBytes:       601,816 B/op
                 gc.alloc.rate:      2510,140 MB/sec
                 gc.alloc.rate.norm: 2600,007 B/op
                 gc.count:           9,000 counts
                 gc.time:            5,000 ms

Iteration   4: 993,164 ns/op
                 encodedBytes:       601,816 B/op
                 gc.alloc.rate:      2496,338 MB/sec
                 gc.alloc.rate.norm: 2600,007 B/op
                 gc.count:           8,000 counts
                 gc.time:            4,000 ms

Iteration   5: 958,080 ns/op
                 encodedBytes:       601,816 B/op
                 gc.alloc.rate:      2587,516 MB/sec
                 gc.alloc.rate.norm: 2600,007 B/op
                 gc.count:           8,000 counts
                 gc.time:            4,000 ms



Result "io.grpc.benchmarks.netty.HpackTableSizeBenchmark.encode":
  1111,325 ±(99.9%) 204,250 ns/op [Average]
  (min, avg, max) = (958,080, 1111,325, 1380,059), stdev = 191,056
  CI (99.9%): [907,074, 1315,575] (assumes normal distribution)

Secondary result "io.grpc.benchmarks.netty.HpackTableSizeBenchmark.encode:encodedBytes":
  601,816 ±(99.9%) 0,001 B/op [Average]
  (min, avg, max) = (601,816, 601,816, 601,816), stdev = 0,001
  CI (99.9%): [601,816, 601,816] (assumes normal distribution)

Secondary result "io.grpc.benchmarks.netty.HpackTableSizeBenchmark.encode:gc.alloc.rate":
  2287,431 ±(99.9%) 376,886 MB/sec [Average]
  (min, avg, max) = (1796,490, 2287,431, 2587,516), stdev = 352,539
  CI (99.9%): [1910,545, 2664,316] (assumes normal distribution)

Secondary result "io.grpc.benchmarks.netty.HpackTableSizeBenchmark.encode:gc.alloc.rate.norm":
  2600,008 ±(99.9%) 0,001 B/op [Average]
  (min, avg, max) = (2600,007, 2600,008, 2600,010), stdev = 0,001
  CI (99.9%): [2600,007, 2600,009] (assumes normal distribution)

Secondary result "io.grpc.benchmarks.netty.HpackTableSizeBenchmark.encode:gc.count":
  112,000 ±(99.9%) 0,001 counts [Sum]
  (min, avg, max) = (6,000, 7,467, 9,000), stdev = 1,125
  CI (99.9%): [112,000, 112,000] (assumes normal distribution)

Secondary result "io.grpc.benchmarks.netty.HpackTableSizeBenchmark.encode:gc.time":
  58,000 ±(99.9%) 0,001 ms [Sum]
  (min, avg, max) = (3,000, 3,867, 5,000), stdev = 0,640
  CI (99.9%): [58,000, 58,000] (assumes normal distribution)


# JMH version: 1.37
# VM version: JDK 21.0.12, OpenJDK 64-Bit Server VM, 21.0.12
# VM invoker: /opt/homebrew/Cellar/openjdk@21/21.0.12/libexec/openjdk.jdk/Contents/Home/bin/java
# VM options: -Xms512m -Xmx512m -XX:+UseG1GC
# Blackhole mode: compiler (auto-detected, use -Djmh.blackhole.autoDetect=false to disable)
# Warmup: 3 iterations, 1 s each
# Measurement: 5 iterations, 1 s each
# Timeout: 10 min per iteration
# Threads: 1 thread, will synchronize iterations
# Benchmark mode: Average time, time/op
# Benchmark: io.grpc.benchmarks.netty.HpackTableSizeBenchmark.encode
# Parameters: (buckets = 16, peerTableBytes = 4096, workload = MIXED_LARGE)

# Run progress: 26,67% complete, ETA 00:09:02
# Fork: 1 of 3
# Warmup Iteration   1: 1277,264 ns/op
# Warmup Iteration   2: 1207,354 ns/op
# Warmup Iteration   3: 1194,310 ns/op
Iteration   1: 1189,182 ns/op
                 encodedBytes:       1687,816 B/op
                 gc.alloc.rate:      2084,860 MB/sec
                 gc.alloc.rate.norm: 2600,009 B/op
                 gc.count:           7,000 counts
                 gc.time:            4,000 ms

Iteration   2: 1200,903 ns/op
                 encodedBytes:       1687,816 B/op
                 gc.alloc.rate:      2064,507 MB/sec
                 gc.alloc.rate.norm: 2600,009 B/op
                 gc.count:           7,000 counts
                 gc.time:            3,000 ms

Iteration   3: 1190,978 ns/op
                 encodedBytes:       1687,816 B/op
                 gc.alloc.rate:      2081,713 MB/sec
                 gc.alloc.rate.norm: 2600,009 B/op
                 gc.count:           7,000 counts
                 gc.time:            4,000 ms

Iteration   4: 1197,142 ns/op
                 encodedBytes:       1687,816 B/op
                 gc.alloc.rate:      2070,997 MB/sec
                 gc.alloc.rate.norm: 2600,009 B/op
                 gc.count:           7,000 counts
                 gc.time:            4,000 ms

Iteration   5: 1190,723 ns/op
                 encodedBytes:       1687,816 B/op
                 gc.alloc.rate:      2082,012 MB/sec
                 gc.alloc.rate.norm: 2600,009 B/op
                 gc.count:           7,000 counts
                 gc.time:            3,000 ms


# Run progress: 27,78% complete, ETA 00:08:53
# Fork: 2 of 3
# Warmup Iteration   1: 1251,363 ns/op
# Warmup Iteration   2: 1193,942 ns/op
# Warmup Iteration   3: 1192,066 ns/op
Iteration   1: 1203,708 ns/op
                 encodedBytes:       1687,816 B/op
                 gc.alloc.rate:      2059,709 MB/sec
                 gc.alloc.rate.norm: 2600,009 B/op
                 gc.count:           6,000 counts
                 gc.time:            3,000 ms

Iteration   2: 1193,064 ns/op
                 encodedBytes:       1687,816 B/op
                 gc.alloc.rate:      2078,077 MB/sec
                 gc.alloc.rate.norm: 2600,009 B/op
                 gc.count:           7,000 counts
                 gc.time:            4,000 ms

Iteration   3: 1192,740 ns/op
                 encodedBytes:       1687,816 B/op
                 gc.alloc.rate:      2078,647 MB/sec
                 gc.alloc.rate.norm: 2600,009 B/op
                 gc.count:           7,000 counts
                 gc.time:            3,000 ms

Iteration   4: 1194,026 ns/op
                 encodedBytes:       1687,816 B/op
                 gc.alloc.rate:      2076,394 MB/sec
                 gc.alloc.rate.norm: 2600,009 B/op
                 gc.count:           7,000 counts
                 gc.time:            4,000 ms

Iteration   5: 1196,045 ns/op
                 encodedBytes:       1687,816 B/op
                 gc.alloc.rate:      2072,719 MB/sec
                 gc.alloc.rate.norm: 2600,009 B/op
                 gc.count:           7,000 counts
                 gc.time:            4,000 ms


# Run progress: 28,89% complete, ETA 00:08:45
# Fork: 3 of 3
# Warmup Iteration   1: 1263,256 ns/op
# Warmup Iteration   2: 1190,158 ns/op
# Warmup Iteration   3: 1194,410 ns/op
Iteration   1: 1196,375 ns/op
                 encodedBytes:       1687,816 B/op
                 gc.alloc.rate:      2072,318 MB/sec
                 gc.alloc.rate.norm: 2600,009 B/op
                 gc.count:           6,000 counts
                 gc.time:            3,000 ms

Iteration   2: 1184,158 ns/op
                 encodedBytes:       1687,816 B/op
                 gc.alloc.rate:      2093,706 MB/sec
                 gc.alloc.rate.norm: 2600,009 B/op
                 gc.count:           7,000 counts
                 gc.time:            3,000 ms

Iteration   3: 1177,904 ns/op
                 encodedBytes:       1687,816 B/op
                 gc.alloc.rate:      2104,801 MB/sec
                 gc.alloc.rate.norm: 2600,008 B/op
                 gc.count:           7,000 counts
                 gc.time:            4,000 ms

Iteration   4: 1177,749 ns/op
                 encodedBytes:       1687,816 B/op
                 gc.alloc.rate:      2105,091 MB/sec
                 gc.alloc.rate.norm: 2600,008 B/op
                 gc.count:           7,000 counts
                 gc.time:            4,000 ms

Iteration   5: 1183,064 ns/op
                 encodedBytes:       1687,816 B/op
                 gc.alloc.rate:      2095,461 MB/sec
                 gc.alloc.rate.norm: 2600,009 B/op
                 gc.count:           7,000 counts
                 gc.time:            4,000 ms



Result "io.grpc.benchmarks.netty.HpackTableSizeBenchmark.encode":
  1191,184 ±(99.9%) 8,221 ns/op [Average]
  (min, avg, max) = (1177,749, 1191,184, 1203,708), stdev = 7,690
  CI (99.9%): [1182,963, 1199,405] (assumes normal distribution)

Secondary result "io.grpc.benchmarks.netty.HpackTableSizeBenchmark.encode:encodedBytes":
  1687,816 ±(99.9%) 0,001 B/op [Average]
  (min, avg, max) = (1687,816, 1687,816, 1687,816), stdev = 0,001
  CI (99.9%): [1687,816, 1687,816] (assumes normal distribution)

Secondary result "io.grpc.benchmarks.netty.HpackTableSizeBenchmark.encode:gc.alloc.rate":
  2081,401 ±(99.9%) 14,389 MB/sec [Average]
  (min, avg, max) = (2059,709, 2081,401, 2105,091), stdev = 13,459
  CI (99.9%): [2067,012, 2095,789] (assumes normal distribution)

Secondary result "io.grpc.benchmarks.netty.HpackTableSizeBenchmark.encode:gc.alloc.rate.norm":
  2600,009 ±(99.9%) 0,001 B/op [Average]
  (min, avg, max) = (2600,008, 2600,009, 2600,009), stdev = 0,001
  CI (99.9%): [2600,008, 2600,009] (assumes normal distribution)

Secondary result "io.grpc.benchmarks.netty.HpackTableSizeBenchmark.encode:gc.count":
  103,000 ±(99.9%) 0,001 counts [Sum]
  (min, avg, max) = (6,000, 6,867, 7,000), stdev = 0,352
  CI (99.9%): [103,000, 103,000] (assumes normal distribution)

Secondary result "io.grpc.benchmarks.netty.HpackTableSizeBenchmark.encode:gc.time":
  54,000 ±(99.9%) 0,001 ms [Sum]
  (min, avg, max) = (3,000, 3,600, 4,000), stdev = 0,507
  CI (99.9%): [54,000, 54,000] (assumes normal distribution)


# JMH version: 1.37
# VM version: JDK 21.0.12, OpenJDK 64-Bit Server VM, 21.0.12
# VM invoker: /opt/homebrew/Cellar/openjdk@21/21.0.12/libexec/openjdk.jdk/Contents/Home/bin/java
# VM options: -Xms512m -Xmx512m -XX:+UseG1GC
# Blackhole mode: compiler (auto-detected, use -Djmh.blackhole.autoDetect=false to disable)
# Warmup: 3 iterations, 1 s each
# Measurement: 5 iterations, 1 s each
# Timeout: 10 min per iteration
# Threads: 1 thread, will synchronize iterations
# Benchmark mode: Average time, time/op
# Benchmark: io.grpc.benchmarks.netty.HpackTableSizeBenchmark.encode
# Parameters: (buckets = 16, peerTableBytes = 8192, workload = STABLE)

# Run progress: 30,00% complete, ETA 00:08:37
# Fork: 1 of 3
# Warmup Iteration   1: 193,238 ns/op
# Warmup Iteration   2: 187,741 ns/op
# Warmup Iteration   3: 183,082 ns/op
Iteration   1: 182,997 ns/op
                 encodedBytes:       12,000 B/op
                 gc.alloc.rate:      3960,140 MB/sec
                 gc.alloc.rate.norm: 760,001 B/op
                 gc.count:           13,000 counts
                 gc.time:            6,000 ms

Iteration   2: 184,386 ns/op
                 encodedBytes:       12,000 B/op
                 gc.alloc.rate:      3930,417 MB/sec
                 gc.alloc.rate.norm: 760,001 B/op
                 gc.count:           13,000 counts
                 gc.time:            7,000 ms

Iteration   3: 184,249 ns/op
                 encodedBytes:       12,000 B/op
                 gc.alloc.rate:      3933,264 MB/sec
                 gc.alloc.rate.norm: 760,001 B/op
                 gc.count:           13,000 counts
                 gc.time:            7,000 ms

Iteration   4: 182,908 ns/op
                 encodedBytes:       12,000 B/op
                 gc.alloc.rate:      3962,190 MB/sec
                 gc.alloc.rate.norm: 760,001 B/op
                 gc.count:           13,000 counts
                 gc.time:            6,000 ms

Iteration   5: 185,591 ns/op
                 encodedBytes:       12,000 B/op
                 gc.alloc.rate:      3904,496 MB/sec
                 gc.alloc.rate.norm: 760,001 B/op
                 gc.count:           13,000 counts
                 gc.time:            7,000 ms


# Run progress: 31,11% complete, ETA 00:08:29
# Fork: 2 of 3
# Warmup Iteration   1: 194,906 ns/op
# Warmup Iteration   2: 187,596 ns/op
# Warmup Iteration   3: 184,319 ns/op
Iteration   1: 183,459 ns/op
                 encodedBytes:       12,000 B/op
                 gc.alloc.rate:      3950,119 MB/sec
                 gc.alloc.rate.norm: 760,001 B/op
                 gc.count:           13,000 counts
                 gc.time:            6,000 ms

Iteration   2: 183,306 ns/op
                 encodedBytes:       12,000 B/op
                 gc.alloc.rate:      3953,549 MB/sec
                 gc.alloc.rate.norm: 760,001 B/op
                 gc.count:           13,000 counts
                 gc.time:            7,000 ms

Iteration   3: 183,082 ns/op
                 encodedBytes:       12,000 B/op
                 gc.alloc.rate:      3958,360 MB/sec
                 gc.alloc.rate.norm: 760,001 B/op
                 gc.count:           13,000 counts
                 gc.time:            7,000 ms

Iteration   4: 183,189 ns/op
                 encodedBytes:       12,000 B/op
                 gc.alloc.rate:      3956,081 MB/sec
                 gc.alloc.rate.norm: 760,001 B/op
                 gc.count:           13,000 counts
                 gc.time:            6,000 ms

Iteration   5: 183,623 ns/op
                 encodedBytes:       12,000 B/op
                 gc.alloc.rate:      3946,366 MB/sec
                 gc.alloc.rate.norm: 760,001 B/op
                 gc.count:           13,000 counts
                 gc.time:            6,000 ms


# Run progress: 32,22% complete, ETA 00:08:21
# Fork: 3 of 3
# Warmup Iteration   1: 191,720 ns/op
# Warmup Iteration   2: 184,369 ns/op
# Warmup Iteration   3: 184,493 ns/op
Iteration   1: 184,506 ns/op
                 encodedBytes:       12,000 B/op
                 gc.alloc.rate:      3927,840 MB/sec
                 gc.alloc.rate.norm: 760,001 B/op
                 gc.count:           13,000 counts
                 gc.time:            7,000 ms

Iteration   2: 184,808 ns/op
                 encodedBytes:       12,000 B/op
                 gc.alloc.rate:      3921,442 MB/sec
                 gc.alloc.rate.norm: 760,001 B/op
                 gc.count:           12,000 counts
                 gc.time:            6,000 ms

Iteration   3: 186,135 ns/op
                 encodedBytes:       12,000 B/op
                 gc.alloc.rate:      3893,483 MB/sec
                 gc.alloc.rate.norm: 760,001 B/op
                 gc.count:           13,000 counts
                 gc.time:            6,000 ms

Iteration   4: 184,558 ns/op
                 encodedBytes:       12,000 B/op
                 gc.alloc.rate:      3926,763 MB/sec
                 gc.alloc.rate.norm: 760,001 B/op
                 gc.count:           13,000 counts
                 gc.time:            7,000 ms

Iteration   5: 184,478 ns/op
                 encodedBytes:       12,000 B/op
                 gc.alloc.rate:      3928,062 MB/sec
                 gc.alloc.rate.norm: 760,001 B/op
                 gc.count:           13,000 counts
                 gc.time:            6,000 ms



Result "io.grpc.benchmarks.netty.HpackTableSizeBenchmark.encode":
  184,085 ±(99.9%) 1,040 ns/op [Average]
  (min, avg, max) = (182,908, 184,085, 186,135), stdev = 0,973
  CI (99.9%): [183,045, 185,125] (assumes normal distribution)

Secondary result "io.grpc.benchmarks.netty.HpackTableSizeBenchmark.encode:encodedBytes":
  12,000 ±(99.9%) 0,001 B/op [Average]
  (min, avg, max) = (12,000, 12,000, 12,000), stdev = 0,001
  CI (99.9%): [12,000, 12,000] (assumes normal distribution)

Secondary result "io.grpc.benchmarks.netty.HpackTableSizeBenchmark.encode:gc.alloc.rate":
  3936,838 ±(99.9%) 22,209 MB/sec [Average]
  (min, avg, max) = (3893,483, 3936,838, 3962,190), stdev = 20,774
  CI (99.9%): [3914,629, 3959,047] (assumes normal distribution)

Secondary result "io.grpc.benchmarks.netty.HpackTableSizeBenchmark.encode:gc.alloc.rate.norm":
  760,001 ±(99.9%) 0,001 B/op [Average]
  (min, avg, max) = (760,001, 760,001, 760,001), stdev = 0,001
  CI (99.9%): [760,001, 760,001] (assumes normal distribution)

Secondary result "io.grpc.benchmarks.netty.HpackTableSizeBenchmark.encode:gc.count":
  194,000 ±(99.9%) 0,001 counts [Sum]
  (min, avg, max) = (12,000, 12,933, 13,000), stdev = 0,258
  CI (99.9%): [194,000, 194,000] (assumes normal distribution)

Secondary result "io.grpc.benchmarks.netty.HpackTableSizeBenchmark.encode:gc.time":
  97,000 ±(99.9%) 0,001 ms [Sum]
  (min, avg, max) = (6,000, 6,467, 7,000), stdev = 0,516
  CI (99.9%): [97,000, 97,000] (assumes normal distribution)


# JMH version: 1.37
# VM version: JDK 21.0.12, OpenJDK 64-Bit Server VM, 21.0.12
# VM invoker: /opt/homebrew/Cellar/openjdk@21/21.0.12/libexec/openjdk.jdk/Contents/Home/bin/java
# VM options: -Xms512m -Xmx512m -XX:+UseG1GC
# Blackhole mode: compiler (auto-detected, use -Djmh.blackhole.autoDetect=false to disable)
# Warmup: 3 iterations, 1 s each
# Measurement: 5 iterations, 1 s each
# Timeout: 10 min per iteration
# Threads: 1 thread, will synchronize iterations
# Benchmark mode: Average time, time/op
# Benchmark: io.grpc.benchmarks.netty.HpackTableSizeBenchmark.encode
# Parameters: (buckets = 16, peerTableBytes = 8192, workload = MIXED_SHORT)

# Run progress: 33,33% complete, ETA 00:08:12
# Fork: 1 of 3
# Warmup Iteration   1: 1055,647 ns/op
# Warmup Iteration   2: 994,422 ns/op
# Warmup Iteration   3: 1001,373 ns/op
Iteration   1: 1000,976 ns/op
                 encodedBytes:       601,816 B/op
                 gc.alloc.rate:      2476,866 MB/sec
                 gc.alloc.rate.norm: 2600,007 B/op
                 gc.count:           9,000 counts
                 gc.time:            4,000 ms

Iteration   2: 992,943 ns/op
                 encodedBytes:       601,816 B/op
                 gc.alloc.rate:      2496,869 MB/sec
                 gc.alloc.rate.norm: 2600,007 B/op
                 gc.count:           8,000 counts
                 gc.time:            4,000 ms

Iteration   3: 998,795 ns/op
                 encodedBytes:       601,816 B/op
                 gc.alloc.rate:      2482,278 MB/sec
                 gc.alloc.rate.norm: 2600,007 B/op
                 gc.count:           8,000 counts
                 gc.time:            4,000 ms

Iteration   4: 1006,643 ns/op
                 encodedBytes:       601,816 B/op
                 gc.alloc.rate:      2462,929 MB/sec
                 gc.alloc.rate.norm: 2600,007 B/op
                 gc.count:           8,000 counts
                 gc.time:            5,000 ms

Iteration   5: 996,365 ns/op
                 encodedBytes:       601,816 B/op
                 gc.alloc.rate:      2488,114 MB/sec
                 gc.alloc.rate.norm: 2600,007 B/op
                 gc.count:           8,000 counts
                 gc.time:            4,000 ms


# Run progress: 34,44% complete, ETA 00:08:04
# Fork: 2 of 3
# Warmup Iteration   1: 1357,158 ns/op
# Warmup Iteration   2: 1303,567 ns/op
# Warmup Iteration   3: 1297,373 ns/op
Iteration   1: 1296,152 ns/op
                 encodedBytes:       601,816 B/op
                 gc.alloc.rate:      1912,800 MB/sec
                 gc.alloc.rate.norm: 2600,009 B/op
                 gc.count:           6,000 counts
                 gc.time:            3,000 ms

Iteration   2: 1296,910 ns/op
                 encodedBytes:       601,816 B/op
                 gc.alloc.rate:      1911,656 MB/sec
                 gc.alloc.rate.norm: 2600,009 B/op
                 gc.count:           6,000 counts
                 gc.time:            3,000 ms

Iteration   3: 1301,868 ns/op
                 encodedBytes:       601,816 B/op
                 gc.alloc.rate:      1904,405 MB/sec
                 gc.alloc.rate.norm: 2600,009 B/op
                 gc.count:           7,000 counts
                 gc.time:            4,000 ms

Iteration   4: 1296,464 ns/op
                 encodedBytes:       601,816 B/op
                 gc.alloc.rate:      1912,345 MB/sec
                 gc.alloc.rate.norm: 2600,009 B/op
                 gc.count:           6,000 counts
                 gc.time:            3,000 ms

Iteration   5: 1296,921 ns/op
                 encodedBytes:       601,816 B/op
                 gc.alloc.rate:      1911,504 MB/sec
                 gc.alloc.rate.norm: 2600,009 B/op
                 gc.count:           6,000 counts
                 gc.time:            3,000 ms


# Run progress: 35,56% complete, ETA 00:07:56
# Fork: 3 of 3
# Warmup Iteration   1: 1401,184 ns/op
# Warmup Iteration   2: 1339,004 ns/op
# Warmup Iteration   3: 1337,198 ns/op
Iteration   1: 1337,748 ns/op
                 encodedBytes:       601,816 B/op
                 gc.alloc.rate:      1853,327 MB/sec
                 gc.alloc.rate.norm: 2600,010 B/op
                 gc.count:           6,000 counts
                 gc.time:            3,000 ms

Iteration   2: 1331,915 ns/op
                 encodedBytes:       601,816 B/op
                 gc.alloc.rate:      1861,447 MB/sec
                 gc.alloc.rate.norm: 2600,010 B/op
                 gc.count:           7,000 counts
                 gc.time:            4,000 ms

Iteration   3: 1329,468 ns/op
                 encodedBytes:       601,816 B/op
                 gc.alloc.rate:      1864,877 MB/sec
                 gc.alloc.rate.norm: 2600,010 B/op
                 gc.count:           6,000 counts
                 gc.time:            3,000 ms

Iteration   4: 1328,334 ns/op
                 encodedBytes:       601,816 B/op
                 gc.alloc.rate:      1866,445 MB/sec
                 gc.alloc.rate.norm: 2600,010 B/op
                 gc.count:           6,000 counts
                 gc.time:            3,000 ms

Iteration   5: 1320,271 ns/op
                 encodedBytes:       601,816 B/op
                 gc.alloc.rate:      1877,676 MB/sec
                 gc.alloc.rate.norm: 2600,009 B/op
                 gc.count:           6,000 counts
                 gc.time:            3,000 ms



Result "io.grpc.benchmarks.netty.HpackTableSizeBenchmark.encode":
  1208,785 ±(99.9%) 164,741 ns/op [Average]
  (min, avg, max) = (992,943, 1208,785, 1337,748), stdev = 154,099
  CI (99.9%): [1044,044, 1373,526] (assumes normal distribution)

Secondary result "io.grpc.benchmarks.netty.HpackTableSizeBenchmark.encode:encodedBytes":
  601,816 ±(99.9%) 0,001 B/op [Average]
  (min, avg, max) = (601,816, 601,816, 601,816), stdev = 0,001
  CI (99.9%): [601,816, 601,816] (assumes normal distribution)

Secondary result "io.grpc.benchmarks.netty.HpackTableSizeBenchmark.encode:gc.alloc.rate":
  2085,569 ±(99.9%) 310,558 MB/sec [Average]
  (min, avg, max) = (1853,327, 2085,569, 2496,869), stdev = 290,496
  CI (99.9%): [1775,011, 2396,127] (assumes normal distribution)

Secondary result "io.grpc.benchmarks.netty.HpackTableSizeBenchmark.encode:gc.alloc.rate.norm":
  2600,009 ±(99.9%) 0,001 B/op [Average]
  (min, avg, max) = (2600,007, 2600,009, 2600,010), stdev = 0,001
  CI (99.9%): [2600,007, 2600,010] (assumes normal distribution)

Secondary result "io.grpc.benchmarks.netty.HpackTableSizeBenchmark.encode:gc.count":
  103,000 ±(99.9%) 0,001 counts [Sum]
  (min, avg, max) = (6,000, 6,867, 9,000), stdev = 1,060
  CI (99.9%): [103,000, 103,000] (assumes normal distribution)

Secondary result "io.grpc.benchmarks.netty.HpackTableSizeBenchmark.encode:gc.time":
  53,000 ±(99.9%) 0,001 ms [Sum]
  (min, avg, max) = (3,000, 3,533, 5,000), stdev = 0,640
  CI (99.9%): [53,000, 53,000] (assumes normal distribution)


# JMH version: 1.37
# VM version: JDK 21.0.12, OpenJDK 64-Bit Server VM, 21.0.12
# VM invoker: /opt/homebrew/Cellar/openjdk@21/21.0.12/libexec/openjdk.jdk/Contents/Home/bin/java
# VM options: -Xms512m -Xmx512m -XX:+UseG1GC
# Blackhole mode: compiler (auto-detected, use -Djmh.blackhole.autoDetect=false to disable)
# Warmup: 3 iterations, 1 s each
# Measurement: 5 iterations, 1 s each
# Timeout: 10 min per iteration
# Threads: 1 thread, will synchronize iterations
# Benchmark mode: Average time, time/op
# Benchmark: io.grpc.benchmarks.netty.HpackTableSizeBenchmark.encode
# Parameters: (buckets = 16, peerTableBytes = 8192, workload = MIXED_LARGE)

# Run progress: 36,67% complete, ETA 00:07:48
# Fork: 1 of 3
# Warmup Iteration   1: 1245,521 ns/op
# Warmup Iteration   2: 1190,976 ns/op
# Warmup Iteration   3: 1193,312 ns/op
Iteration   1: 1185,433 ns/op
                 encodedBytes:       1687,816 B/op
                 gc.alloc.rate:      2091,446 MB/sec
                 gc.alloc.rate.norm: 2600,008 B/op
                 gc.count:           7,000 counts
                 gc.time:            3,000 ms

Iteration   2: 1182,027 ns/op
                 encodedBytes:       1687,816 B/op
                 gc.alloc.rate:      2097,483 MB/sec
                 gc.alloc.rate.norm: 2600,008 B/op
                 gc.count:           6,000 counts
                 gc.time:            3,000 ms

Iteration   3: 1189,882 ns/op
                 encodedBytes:       1687,816 B/op
                 gc.alloc.rate:      2083,607 MB/sec
                 gc.alloc.rate.norm: 2600,009 B/op
                 gc.count:           7,000 counts
                 gc.time:            4,000 ms

Iteration   4: 1188,361 ns/op
                 encodedBytes:       1687,816 B/op
                 gc.alloc.rate:      2086,303 MB/sec
                 gc.alloc.rate.norm: 2600,008 B/op
                 gc.count:           7,000 counts
                 gc.time:            3,000 ms

Iteration   5: 1191,982 ns/op
                 encodedBytes:       1687,816 B/op
                 gc.alloc.rate:      2079,764 MB/sec
                 gc.alloc.rate.norm: 2600,008 B/op
                 gc.count:           7,000 counts
                 gc.time:            4,000 ms


# Run progress: 37,78% complete, ETA 00:07:40
# Fork: 2 of 3
# Warmup Iteration   1: 1276,715 ns/op
# Warmup Iteration   2: 1199,860 ns/op
# Warmup Iteration   3: 1200,908 ns/op
Iteration   1: 1206,455 ns/op
                 encodedBytes:       1687,816 B/op
                 gc.alloc.rate:      2055,011 MB/sec
                 gc.alloc.rate.norm: 2600,009 B/op
                 gc.count:           7,000 counts
                 gc.time:            4,000 ms

Iteration   2: 1197,279 ns/op
                 encodedBytes:       1687,816 B/op
                 gc.alloc.rate:      2070,737 MB/sec
                 gc.alloc.rate.norm: 2600,009 B/op
                 gc.count:           7,000 counts
                 gc.time:            4,000 ms

Iteration   3: 1198,321 ns/op
                 encodedBytes:       1687,816 B/op
                 gc.alloc.rate:      2068,967 MB/sec
                 gc.alloc.rate.norm: 2600,009 B/op
                 gc.count:           7,000 counts
                 gc.time:            4,000 ms

Iteration   4: 1196,072 ns/op
                 encodedBytes:       1687,816 B/op
                 gc.alloc.rate:      2072,858 MB/sec
                 gc.alloc.rate.norm: 2600,009 B/op
                 gc.count:           7,000 counts
                 gc.time:            3,000 ms

Iteration   5: 1198,123 ns/op
                 encodedBytes:       1687,816 B/op
                 gc.alloc.rate:      2068,028 MB/sec
                 gc.alloc.rate.norm: 2600,009 B/op
                 gc.count:           7,000 counts
                 gc.time:            4,000 ms


# Run progress: 38,89% complete, ETA 00:07:31
# Fork: 3 of 3
# Warmup Iteration   1: 1260,373 ns/op
# Warmup Iteration   2: 1185,796 ns/op
# Warmup Iteration   3: 1185,353 ns/op
Iteration   1: 1199,537 ns/op
                 encodedBytes:       1687,816 B/op
                 gc.alloc.rate:      2066,863 MB/sec
                 gc.alloc.rate.norm: 2600,009 B/op
                 gc.count:           6,000 counts
                 gc.time:            3,000 ms

Iteration   2: 1214,188 ns/op
                 encodedBytes:       1687,816 B/op
                 gc.alloc.rate:      2041,889 MB/sec
                 gc.alloc.rate.norm: 2600,009 B/op
                 gc.count:           7,000 counts
                 gc.time:            4,000 ms

Iteration   3: 1208,896 ns/op
                 encodedBytes:       1687,816 B/op
                 gc.alloc.rate:      2050,836 MB/sec
                 gc.alloc.rate.norm: 2600,009 B/op
                 gc.count:           7,000 counts
                 gc.time:            3,000 ms

Iteration   4: 1205,176 ns/op
                 encodedBytes:       1687,816 B/op
                 gc.alloc.rate:      2057,179 MB/sec
                 gc.alloc.rate.norm: 2600,009 B/op
                 gc.count:           7,000 counts
                 gc.time:            4,000 ms

Iteration   5: 1187,026 ns/op
                 encodedBytes:       1687,816 B/op
                 gc.alloc.rate:      2088,462 MB/sec
                 gc.alloc.rate.norm: 2600,008 B/op
                 gc.count:           7,000 counts
                 gc.time:            4,000 ms



Result "io.grpc.benchmarks.netty.HpackTableSizeBenchmark.encode":
  1196,584 ±(99.9%) 9,934 ns/op [Average]
  (min, avg, max) = (1182,027, 1196,584, 1214,188), stdev = 9,293
  CI (99.9%): [1186,650, 1206,518] (assumes normal distribution)

Secondary result "io.grpc.benchmarks.netty.HpackTableSizeBenchmark.encode:encodedBytes":
  1687,816 ±(99.9%) 0,001 B/op [Average]
  (min, avg, max) = (1687,816, 1687,816, 1687,816), stdev = 0,001
  CI (99.9%): [1687,816, 1687,816] (assumes normal distribution)

Secondary result "io.grpc.benchmarks.netty.HpackTableSizeBenchmark.encode:gc.alloc.rate":
  2071,962 ±(99.9%) 17,178 MB/sec [Average]
  (min, avg, max) = (2041,889, 2071,962, 2097,483), stdev = 16,068
  CI (99.9%): [2054,784, 2089,140] (assumes normal distribution)

Secondary result "io.grpc.benchmarks.netty.HpackTableSizeBenchmark.encode:gc.alloc.rate.norm":
  2600,009 ±(99.9%) 0,001 B/op [Average]
  (min, avg, max) = (2600,008, 2600,009, 2600,009), stdev = 0,001
  CI (99.9%): [2600,008, 2600,009] (assumes normal distribution)

Secondary result "io.grpc.benchmarks.netty.HpackTableSizeBenchmark.encode:gc.count":
  103,000 ±(99.9%) 0,001 counts [Sum]
  (min, avg, max) = (6,000, 6,867, 7,000), stdev = 0,352
  CI (99.9%): [103,000, 103,000] (assumes normal distribution)

Secondary result "io.grpc.benchmarks.netty.HpackTableSizeBenchmark.encode:gc.time":
  54,000 ±(99.9%) 0,001 ms [Sum]
  (min, avg, max) = (3,000, 3,600, 4,000), stdev = 0,507
  CI (99.9%): [54,000, 54,000] (assumes normal distribution)


# JMH version: 1.37
# VM version: JDK 21.0.12, OpenJDK 64-Bit Server VM, 21.0.12
# VM invoker: /opt/homebrew/Cellar/openjdk@21/21.0.12/libexec/openjdk.jdk/Contents/Home/bin/java
# VM options: -Xms512m -Xmx512m -XX:+UseG1GC
# Blackhole mode: compiler (auto-detected, use -Djmh.blackhole.autoDetect=false to disable)
# Warmup: 3 iterations, 1 s each
# Measurement: 5 iterations, 1 s each
# Timeout: 10 min per iteration
# Threads: 1 thread, will synchronize iterations
# Benchmark mode: Average time, time/op
# Benchmark: io.grpc.benchmarks.netty.HpackTableSizeBenchmark.encode
# Parameters: (buckets = 64, peerTableBytes = 1024, workload = STABLE)

# Run progress: 40,00% complete, ETA 00:07:24
# Fork: 1 of 3
# Warmup Iteration   1: 191,188 ns/op
# Warmup Iteration   2: 182,396 ns/op
# Warmup Iteration   3: 181,929 ns/op
Iteration   1: 181,108 ns/op
                 encodedBytes:       12,000 B/op
                 gc.alloc.rate:      4001,540 MB/sec
                 gc.alloc.rate.norm: 760,001 B/op
                 gc.count:           13,000 counts
                 gc.time:            7,000 ms

Iteration   2: 183,204 ns/op
                 encodedBytes:       12,000 B/op
                 gc.alloc.rate:      3955,706 MB/sec
                 gc.alloc.rate.norm: 760,001 B/op
                 gc.count:           13,000 counts
                 gc.time:            6,000 ms

Iteration   3: 184,134 ns/op
                 encodedBytes:       12,000 B/op
                 gc.alloc.rate:      3935,766 MB/sec
                 gc.alloc.rate.norm: 760,001 B/op
                 gc.count:           13,000 counts
                 gc.time:            7,000 ms

Iteration   4: 185,054 ns/op
                 encodedBytes:       12,000 B/op
                 gc.alloc.rate:      3916,223 MB/sec
                 gc.alloc.rate.norm: 760,001 B/op
                 gc.count:           13,000 counts
                 gc.time:            7,000 ms

Iteration   5: 185,090 ns/op
                 encodedBytes:       12,000 B/op
                 gc.alloc.rate:      3915,108 MB/sec
                 gc.alloc.rate.norm: 760,001 B/op
                 gc.count:           13,000 counts
                 gc.time:            6,000 ms


# Run progress: 41,11% complete, ETA 00:07:15
# Fork: 2 of 3
# Warmup Iteration   1: 190,980 ns/op
# Warmup Iteration   2: 183,084 ns/op
# Warmup Iteration   3: 184,435 ns/op
Iteration   1: 182,401 ns/op
                 encodedBytes:       12,000 B/op
                 gc.alloc.rate:      3973,150 MB/sec
                 gc.alloc.rate.norm: 760,001 B/op
                 gc.count:           13,000 counts
                 gc.time:            7,000 ms

Iteration   2: 183,349 ns/op
                 encodedBytes:       12,000 B/op
                 gc.alloc.rate:      3952,568 MB/sec
                 gc.alloc.rate.norm: 760,001 B/op
                 gc.count:           13,000 counts
                 gc.time:            7,000 ms

Iteration   3: 184,766 ns/op
                 encodedBytes:       12,000 B/op
                 gc.alloc.rate:      3922,332 MB/sec
                 gc.alloc.rate.norm: 760,001 B/op
                 gc.count:           13,000 counts
                 gc.time:            6,000 ms

Iteration   4: 182,529 ns/op
                 encodedBytes:       12,000 B/op
                 gc.alloc.rate:      3970,418 MB/sec
                 gc.alloc.rate.norm: 760,001 B/op
                 gc.count:           13,000 counts
                 gc.time:            7,000 ms

Iteration   5: 181,419 ns/op
                 encodedBytes:       12,000 B/op
                 gc.alloc.rate:      3993,778 MB/sec
                 gc.alloc.rate.norm: 760,001 B/op
                 gc.count:           13,000 counts
                 gc.time:            6,000 ms


# Run progress: 42,22% complete, ETA 00:07:07
# Fork: 3 of 3
# Warmup Iteration   1: 190,059 ns/op
# Warmup Iteration   2: 182,293 ns/op
# Warmup Iteration   3: 182,805 ns/op
Iteration   1: 183,205 ns/op
                 encodedBytes:       12,000 B/op
                 gc.alloc.rate:      3955,723 MB/sec
                 gc.alloc.rate.norm: 760,001 B/op
                 gc.count:           13,000 counts
                 gc.time:            7,000 ms

Iteration   2: 183,830 ns/op
                 encodedBytes:       12,000 B/op
                 gc.alloc.rate:      3942,282 MB/sec
                 gc.alloc.rate.norm: 760,001 B/op
                 gc.count:           13,000 counts
                 gc.time:            6,000 ms

Iteration   3: 183,319 ns/op
                 encodedBytes:       12,000 B/op
                 gc.alloc.rate:      3953,241 MB/sec
                 gc.alloc.rate.norm: 760,001 B/op
                 gc.count:           13,000 counts
                 gc.time:            7,000 ms

Iteration   4: 183,306 ns/op
                 encodedBytes:       12,000 B/op
                 gc.alloc.rate:      3953,552 MB/sec
                 gc.alloc.rate.norm: 760,001 B/op
                 gc.count:           13,000 counts
                 gc.time:            6,000 ms

Iteration   5: 184,169 ns/op
                 encodedBytes:       12,000 B/op
                 gc.alloc.rate:      3934,652 MB/sec
                 gc.alloc.rate.norm: 760,001 B/op
                 gc.count:           13,000 counts
                 gc.time:            7,000 ms



Result "io.grpc.benchmarks.netty.HpackTableSizeBenchmark.encode":
  183,392 ±(99.9%) 1,271 ns/op [Average]
  (min, avg, max) = (181,108, 183,392, 185,090), stdev = 1,189
  CI (99.9%): [182,121, 184,664] (assumes normal distribution)

Secondary result "io.grpc.benchmarks.netty.HpackTableSizeBenchmark.encode:encodedBytes":
  12,000 ±(99.9%) 0,001 B/op [Average]
  (min, avg, max) = (12,000, 12,000, 12,000), stdev = 0,001
  CI (99.9%): [12,000, 12,000] (assumes normal distribution)

Secondary result "io.grpc.benchmarks.netty.HpackTableSizeBenchmark.encode:gc.alloc.rate":
  3951,736 ±(99.9%) 27,401 MB/sec [Average]
  (min, avg, max) = (3915,108, 3951,736, 4001,540), stdev = 25,631
  CI (99.9%): [3924,335, 3979,137] (assumes normal distribution)

Secondary result "io.grpc.benchmarks.netty.HpackTableSizeBenchmark.encode:gc.alloc.rate.norm":
  760,001 ±(99.9%) 0,001 B/op [Average]
  (min, avg, max) = (760,001, 760,001, 760,001), stdev = 0,001
  CI (99.9%): [760,001, 760,001] (assumes normal distribution)

Secondary result "io.grpc.benchmarks.netty.HpackTableSizeBenchmark.encode:gc.count":
  195,000 ±(99.9%) 0,001 counts [Sum]
  (min, avg, max) = (13,000, 13,000, 13,000), stdev = 0,001
  CI (99.9%): [195,000, 195,000] (assumes normal distribution)

Secondary result "io.grpc.benchmarks.netty.HpackTableSizeBenchmark.encode:gc.time":
  99,000 ±(99.9%) 0,001 ms [Sum]
  (min, avg, max) = (6,000, 6,600, 7,000), stdev = 0,507
  CI (99.9%): [99,000, 99,000] (assumes normal distribution)


# JMH version: 1.37
# VM version: JDK 21.0.12, OpenJDK 64-Bit Server VM, 21.0.12
# VM invoker: /opt/homebrew/Cellar/openjdk@21/21.0.12/libexec/openjdk.jdk/Contents/Home/bin/java
# VM options: -Xms512m -Xmx512m -XX:+UseG1GC
# Blackhole mode: compiler (auto-detected, use -Djmh.blackhole.autoDetect=false to disable)
# Warmup: 3 iterations, 1 s each
# Measurement: 5 iterations, 1 s each
# Timeout: 10 min per iteration
# Threads: 1 thread, will synchronize iterations
# Benchmark mode: Average time, time/op
# Benchmark: io.grpc.benchmarks.netty.HpackTableSizeBenchmark.encode
# Parameters: (buckets = 64, peerTableBytes = 1024, workload = MIXED_SHORT)

# Run progress: 43,33% complete, ETA 00:06:59
# Fork: 1 of 3
# Warmup Iteration   1: 852,141 ns/op
# Warmup Iteration   2: 806,971 ns/op
# Warmup Iteration   3: 805,698 ns/op
Iteration   1: 803,359 ns/op
                 encodedBytes:       601,816 B/op
                 gc.alloc.rate:      3086,139 MB/sec
                 gc.alloc.rate.norm: 2600,006 B/op
                 gc.count:           10,000 counts
                 gc.time:            5,000 ms

Iteration   2: 804,953 ns/op
                 encodedBytes:       601,816 B/op
                 gc.alloc.rate:      3080,022 MB/sec
                 gc.alloc.rate.norm: 2600,006 B/op
                 gc.count:           11,000 counts
                 gc.time:            6,000 ms

Iteration   3: 803,392 ns/op
                 encodedBytes:       601,816 B/op
                 gc.alloc.rate:      3085,969 MB/sec
                 gc.alloc.rate.norm: 2600,006 B/op
                 gc.count:           10,000 counts
                 gc.time:            4,000 ms

Iteration   4: 797,985 ns/op
                 encodedBytes:       601,816 B/op
                 gc.alloc.rate:      3106,883 MB/sec
                 gc.alloc.rate.norm: 2600,006 B/op
                 gc.count:           10,000 counts
                 gc.time:            6,000 ms

Iteration   5: 796,230 ns/op
                 encodedBytes:       601,816 B/op
                 gc.alloc.rate:      3113,495 MB/sec
                 gc.alloc.rate.norm: 2600,006 B/op
                 gc.count:           10,000 counts
                 gc.time:            5,000 ms


# Run progress: 44,44% complete, ETA 00:06:51
# Fork: 2 of 3
# Warmup Iteration   1: 846,256 ns/op
# Warmup Iteration   2: 792,174 ns/op
# Warmup Iteration   3: 796,011 ns/op
Iteration   1: 798,001 ns/op
                 encodedBytes:       601,816 B/op
                 gc.alloc.rate:      3106,837 MB/sec
                 gc.alloc.rate.norm: 2600,006 B/op
                 gc.count:           10,000 counts
                 gc.time:            5,000 ms

Iteration   2: 797,253 ns/op
                 encodedBytes:       601,816 B/op
                 gc.alloc.rate:      3109,766 MB/sec
                 gc.alloc.rate.norm: 2600,006 B/op
                 gc.count:           10,000 counts
                 gc.time:            5,000 ms

Iteration   3: 799,192 ns/op
                 encodedBytes:       601,816 B/op
                 gc.alloc.rate:      3102,224 MB/sec
                 gc.alloc.rate.norm: 2600,006 B/op
                 gc.count:           10,000 counts
                 gc.time:            6,000 ms

Iteration   4: 807,232 ns/op
                 encodedBytes:       601,816 B/op
                 gc.alloc.rate:      3071,336 MB/sec
                 gc.alloc.rate.norm: 2600,006 B/op
                 gc.count:           10,000 counts
                 gc.time:            5,000 ms

Iteration   5: 805,131 ns/op
                 encodedBytes:       601,816 B/op
                 gc.alloc.rate:      3079,061 MB/sec
                 gc.alloc.rate.norm: 2600,006 B/op
                 gc.count:           10,000 counts
                 gc.time:            5,000 ms


# Run progress: 45,56% complete, ETA 00:06:42
# Fork: 3 of 3
# Warmup Iteration   1: 841,081 ns/op
# Warmup Iteration   2: 801,301 ns/op
# Warmup Iteration   3: 808,447 ns/op
Iteration   1: 809,439 ns/op
                 encodedBytes:       601,816 B/op
                 gc.alloc.rate:      3062,950 MB/sec
                 gc.alloc.rate.norm: 2600,006 B/op
                 gc.count:           11,000 counts
                 gc.time:            6,000 ms

Iteration   2: 805,519 ns/op
                 encodedBytes:       601,816 B/op
                 gc.alloc.rate:      3077,818 MB/sec
                 gc.alloc.rate.norm: 2600,006 B/op
                 gc.count:           10,000 counts
                 gc.time:            5,000 ms

Iteration   3: 798,182 ns/op
                 encodedBytes:       601,816 B/op
                 gc.alloc.rate:      3106,142 MB/sec
                 gc.alloc.rate.norm: 2600,006 B/op
                 gc.count:           10,000 counts
                 gc.time:            6,000 ms

Iteration   4: 798,109 ns/op
                 encodedBytes:       601,816 B/op
                 gc.alloc.rate:      3106,443 MB/sec
                 gc.alloc.rate.norm: 2600,006 B/op
                 gc.count:           10,000 counts
                 gc.time:            5,000 ms

Iteration   5: 800,642 ns/op
                 encodedBytes:       601,816 B/op
                 gc.alloc.rate:      3096,303 MB/sec
                 gc.alloc.rate.norm: 2600,006 B/op
                 gc.count:           10,000 counts
                 gc.time:            4,000 ms



Result "io.grpc.benchmarks.netty.HpackTableSizeBenchmark.encode":
  801,641 ±(99.9%) 4,453 ns/op [Average]
  (min, avg, max) = (796,230, 801,641, 809,439), stdev = 4,165
  CI (99.9%): [797,189, 806,094] (assumes normal distribution)

Secondary result "io.grpc.benchmarks.netty.HpackTableSizeBenchmark.encode:encodedBytes":
  601,816 ±(99.9%) 0,001 B/op [Average]
  (min, avg, max) = (601,816, 601,816, 601,816), stdev = 0,001
  CI (99.9%): [601,816, 601,816] (assumes normal distribution)

Secondary result "io.grpc.benchmarks.netty.HpackTableSizeBenchmark.encode:gc.alloc.rate":
  3092,759 ±(99.9%) 17,134 MB/sec [Average]
  (min, avg, max) = (3062,950, 3092,759, 3113,495), stdev = 16,027
  CI (99.9%): [3075,626, 3109,893] (assumes normal distribution)

Secondary result "io.grpc.benchmarks.netty.HpackTableSizeBenchmark.encode:gc.alloc.rate.norm":
  2600,006 ±(99.9%) 0,001 B/op [Average]
  (min, avg, max) = (2600,006, 2600,006, 2600,006), stdev = 0,001
  CI (99.9%): [2600,006, 2600,006] (assumes normal distribution)

Secondary result "io.grpc.benchmarks.netty.HpackTableSizeBenchmark.encode:gc.count":
  152,000 ±(99.9%) 0,001 counts [Sum]
  (min, avg, max) = (10,000, 10,133, 11,000), stdev = 0,352
  CI (99.9%): [152,000, 152,000] (assumes normal distribution)

Secondary result "io.grpc.benchmarks.netty.HpackTableSizeBenchmark.encode:gc.time":
  78,000 ±(99.9%) 0,001 ms [Sum]
  (min, avg, max) = (4,000, 5,200, 6,000), stdev = 0,676
  CI (99.9%): [78,000, 78,000] (assumes normal distribution)


# JMH version: 1.37
# VM version: JDK 21.0.12, OpenJDK 64-Bit Server VM, 21.0.12
# VM invoker: /opt/homebrew/Cellar/openjdk@21/21.0.12/libexec/openjdk.jdk/Contents/Home/bin/java
# VM options: -Xms512m -Xmx512m -XX:+UseG1GC
# Blackhole mode: compiler (auto-detected, use -Djmh.blackhole.autoDetect=false to disable)
# Warmup: 3 iterations, 1 s each
# Measurement: 5 iterations, 1 s each
# Timeout: 10 min per iteration
# Threads: 1 thread, will synchronize iterations
# Benchmark mode: Average time, time/op
# Benchmark: io.grpc.benchmarks.netty.HpackTableSizeBenchmark.encode
# Parameters: (buckets = 64, peerTableBytes = 1024, workload = MIXED_LARGE)

# Run progress: 46,67% complete, ETA 00:06:34
# Fork: 1 of 3
# Warmup Iteration   1: 1092,363 ns/op
# Warmup Iteration   2: 1037,063 ns/op
# Warmup Iteration   3: 1034,899 ns/op
Iteration   1: 1038,596 ns/op
                 encodedBytes:       1687,816 B/op
                 gc.alloc.rate:      2387,126 MB/sec
                 gc.alloc.rate.norm: 2600,007 B/op
                 gc.count:           8,000 counts
                 gc.time:            4,000 ms

Iteration   2: 1035,553 ns/op
                 encodedBytes:       1687,816 B/op
                 gc.alloc.rate:      2394,156 MB/sec
                 gc.alloc.rate.norm: 2600,007 B/op
                 gc.count:           7,000 counts
                 gc.time:            4,000 ms

Iteration   3: 1029,016 ns/op
                 encodedBytes:       1687,816 B/op
                 gc.alloc.rate:      2409,361 MB/sec
                 gc.alloc.rate.norm: 2600,007 B/op
                 gc.count:           8,000 counts
                 gc.time:            4,000 ms

Iteration   4: 1035,518 ns/op
                 encodedBytes:       1687,816 B/op
                 gc.alloc.rate:      2394,244 MB/sec
                 gc.alloc.rate.norm: 2600,007 B/op
                 gc.count:           8,000 counts
                 gc.time:            4,000 ms

Iteration   5: 1035,863 ns/op
                 encodedBytes:       1687,816 B/op
                 gc.alloc.rate:      2393,286 MB/sec
                 gc.alloc.rate.norm: 2600,007 B/op
                 gc.count:           8,000 counts
                 gc.time:            4,000 ms


# Run progress: 47,78% complete, ETA 00:06:26
# Fork: 2 of 3
# Warmup Iteration   1: 1108,924 ns/op
# Warmup Iteration   2: 1061,451 ns/op
# Warmup Iteration   3: 1067,610 ns/op
Iteration   1: 1063,219 ns/op
                 encodedBytes:       1687,816 B/op
                 gc.alloc.rate:      2331,832 MB/sec
                 gc.alloc.rate.norm: 2600,008 B/op
                 gc.count:           8,000 counts
                 gc.time:            4,000 ms

Iteration   2: 1063,949 ns/op
                 encodedBytes:       1687,816 B/op
                 gc.alloc.rate:      2330,265 MB/sec
                 gc.alloc.rate.norm: 2600,008 B/op
                 gc.count:           7,000 counts
                 gc.time:            4,000 ms

Iteration   3: 1058,016 ns/op
                 encodedBytes:       1687,816 B/op
                 gc.alloc.rate:      2343,298 MB/sec
                 gc.alloc.rate.norm: 2600,008 B/op
                 gc.count:           8,000 counts
                 gc.time:            4,000 ms

Iteration   4: 1058,228 ns/op
                 encodedBytes:       1687,816 B/op
                 gc.alloc.rate:      2342,847 MB/sec
                 gc.alloc.rate.norm: 2600,008 B/op
                 gc.count:           8,000 counts
                 gc.time:            4,000 ms

Iteration   5: 1048,037 ns/op
                 encodedBytes:       1687,816 B/op
                 gc.alloc.rate:      2365,147 MB/sec
                 gc.alloc.rate.norm: 2600,008 B/op
                 gc.count:           8,000 counts
                 gc.time:            4,000 ms


# Run progress: 48,89% complete, ETA 00:06:18
# Fork: 3 of 3
# Warmup Iteration   1: 1126,884 ns/op
# Warmup Iteration   2: 1063,830 ns/op
# Warmup Iteration   3: 1067,182 ns/op
Iteration   1: 1069,783 ns/op
                 encodedBytes:       1687,816 B/op
                 gc.alloc.rate:      2317,560 MB/sec
                 gc.alloc.rate.norm: 2600,008 B/op
                 gc.count:           8,000 counts
                 gc.time:            4,000 ms

Iteration   2: 1053,864 ns/op
                 encodedBytes:       1687,816 B/op
                 gc.alloc.rate:      2352,568 MB/sec
                 gc.alloc.rate.norm: 2600,008 B/op
                 gc.count:           7,000 counts
                 gc.time:            3,000 ms

Iteration   3: 1047,320 ns/op
                 encodedBytes:       1687,816 B/op
                 gc.alloc.rate:      2367,255 MB/sec
                 gc.alloc.rate.norm: 2600,008 B/op
                 gc.count:           8,000 counts
                 gc.time:            5,000 ms

Iteration   4: 1049,888 ns/op
                 encodedBytes:       1687,816 B/op
                 gc.alloc.rate:      2361,452 MB/sec
                 gc.alloc.rate.norm: 2600,008 B/op
                 gc.count:           8,000 counts
                 gc.time:            4,000 ms

Iteration   5: 1048,131 ns/op
                 encodedBytes:       1687,816 B/op
                 gc.alloc.rate:      2365,218 MB/sec
                 gc.alloc.rate.norm: 2600,007 B/op
                 gc.count:           8,000 counts
                 gc.time:            4,000 ms



Result "io.grpc.benchmarks.netty.HpackTableSizeBenchmark.encode":
  1048,999 ±(99.9%) 13,080 ns/op [Average]
  (min, avg, max) = (1029,016, 1048,999, 1069,783), stdev = 12,235
  CI (99.9%): [1035,919, 1062,079] (assumes normal distribution)

Secondary result "io.grpc.benchmarks.netty.HpackTableSizeBenchmark.encode:encodedBytes":
  1687,816 ±(99.9%) 0,001 B/op [Average]
  (min, avg, max) = (1687,816, 1687,816, 1687,816), stdev = 0,001
  CI (99.9%): [1687,816, 1687,816] (assumes normal distribution)

Secondary result "io.grpc.benchmarks.netty.HpackTableSizeBenchmark.encode:gc.alloc.rate":
  2363,708 ±(99.9%) 29,457 MB/sec [Average]
  (min, avg, max) = (2317,560, 2363,708, 2409,361), stdev = 27,554
  CI (99.9%): [2334,251, 2393,164] (assumes normal distribution)

Secondary result "io.grpc.benchmarks.netty.HpackTableSizeBenchmark.encode:gc.alloc.rate.norm":
  2600,008 ±(99.9%) 0,001 B/op [Average]
  (min, avg, max) = (2600,007, 2600,008, 2600,008), stdev = 0,001
  CI (99.9%): [2600,007, 2600,008] (assumes normal distribution)

Secondary result "io.grpc.benchmarks.netty.HpackTableSizeBenchmark.encode:gc.count":
  117,000 ±(99.9%) 0,001 counts [Sum]
  (min, avg, max) = (7,000, 7,800, 8,000), stdev = 0,414
  CI (99.9%): [117,000, 117,000] (assumes normal distribution)

Secondary result "io.grpc.benchmarks.netty.HpackTableSizeBenchmark.encode:gc.time":
  60,000 ±(99.9%) 0,001 ms [Sum]
  (min, avg, max) = (3,000, 4,000, 5,000), stdev = 0,378
  CI (99.9%): [60,000, 60,000] (assumes normal distribution)


# JMH version: 1.37
# VM version: JDK 21.0.12, OpenJDK 64-Bit Server VM, 21.0.12
# VM invoker: /opt/homebrew/Cellar/openjdk@21/21.0.12/libexec/openjdk.jdk/Contents/Home/bin/java
# VM options: -Xms512m -Xmx512m -XX:+UseG1GC
# Blackhole mode: compiler (auto-detected, use -Djmh.blackhole.autoDetect=false to disable)
# Warmup: 3 iterations, 1 s each
# Measurement: 5 iterations, 1 s each
# Timeout: 10 min per iteration
# Threads: 1 thread, will synchronize iterations
# Benchmark mode: Average time, time/op
# Benchmark: io.grpc.benchmarks.netty.HpackTableSizeBenchmark.encode
# Parameters: (buckets = 64, peerTableBytes = 4096, workload = STABLE)

# Run progress: 50,00% complete, ETA 00:06:10
# Fork: 1 of 3
# Warmup Iteration   1: 190,450 ns/op
# Warmup Iteration   2: 184,853 ns/op
# Warmup Iteration   3: 184,079 ns/op
Iteration   1: 184,015 ns/op
                 encodedBytes:       12,000 B/op
                 gc.alloc.rate:      3938,297 MB/sec
                 gc.alloc.rate.norm: 760,001 B/op
                 gc.count:           13,000 counts
                 gc.time:            7,000 ms

Iteration   2: 185,288 ns/op
                 encodedBytes:       12,000 B/op
                 gc.alloc.rate:      3911,304 MB/sec
                 gc.alloc.rate.norm: 760,001 B/op
                 gc.count:           13,000 counts
                 gc.time:            6,000 ms

Iteration   3: 184,086 ns/op
                 encodedBytes:       12,000 B/op
                 gc.alloc.rate:      3936,773 MB/sec
                 gc.alloc.rate.norm: 760,001 B/op
                 gc.count:           13,000 counts
                 gc.time:            7,000 ms

Iteration   4: 183,475 ns/op
                 encodedBytes:       12,000 B/op
                 gc.alloc.rate:      3949,951 MB/sec
                 gc.alloc.rate.norm: 760,001 B/op
                 gc.count:           13,000 counts
                 gc.time:            6,000 ms

Iteration   5: 184,932 ns/op
                 encodedBytes:       12,000 B/op
                 gc.alloc.rate:      3918,466 MB/sec
                 gc.alloc.rate.norm: 760,001 B/op
                 gc.count:           13,000 counts
                 gc.time:            7,000 ms


# Run progress: 51,11% complete, ETA 00:06:01
# Fork: 2 of 3
# Warmup Iteration   1: 195,386 ns/op
# Warmup Iteration   2: 183,579 ns/op
# Warmup Iteration   3: 182,495 ns/op
Iteration   1: 182,741 ns/op
                 encodedBytes:       12,000 B/op
                 gc.alloc.rate:      3965,702 MB/sec
                 gc.alloc.rate.norm: 760,001 B/op
                 gc.count:           13,000 counts
                 gc.time:            7,000 ms

Iteration   2: 183,255 ns/op
                 encodedBytes:       12,000 B/op
                 gc.alloc.rate:      3954,687 MB/sec
                 gc.alloc.rate.norm: 760,001 B/op
                 gc.count:           13,000 counts
                 gc.time:            7,000 ms

Iteration   3: 183,030 ns/op
                 encodedBytes:       12,000 B/op
                 gc.alloc.rate:      3959,529 MB/sec
                 gc.alloc.rate.norm: 760,001 B/op
                 gc.count:           13,000 counts
                 gc.time:            6,000 ms

Iteration   4: 181,623 ns/op
                 encodedBytes:       12,000 B/op
                 gc.alloc.rate:      3990,225 MB/sec
                 gc.alloc.rate.norm: 760,001 B/op
                 gc.count:           13,000 counts
                 gc.time:            7,000 ms

Iteration   5: 181,807 ns/op
                 encodedBytes:       12,000 B/op
                 gc.alloc.rate:      3985,824 MB/sec
                 gc.alloc.rate.norm: 760,001 B/op
                 gc.count:           13,000 counts
                 gc.time:            6,000 ms


# Run progress: 52,22% complete, ETA 00:05:53
# Fork: 3 of 3
# Warmup Iteration   1: 190,827 ns/op
# Warmup Iteration   2: 181,718 ns/op
# Warmup Iteration   3: 182,021 ns/op
Iteration   1: 184,508 ns/op
                 encodedBytes:       12,000 B/op
                 gc.alloc.rate:      3927,795 MB/sec
                 gc.alloc.rate.norm: 760,001 B/op
                 gc.count:           13,000 counts
                 gc.time:            6,000 ms

Iteration   2: 183,023 ns/op
                 encodedBytes:       12,000 B/op
                 gc.alloc.rate:      3959,643 MB/sec
                 gc.alloc.rate.norm: 760,001 B/op
                 gc.count:           13,000 counts
                 gc.time:            7,000 ms

Iteration   3: 185,320 ns/op
                 encodedBytes:       12,000 B/op
                 gc.alloc.rate:      3910,536 MB/sec
                 gc.alloc.rate.norm: 760,001 B/op
                 gc.count:           13,000 counts
                 gc.time:            6,000 ms

Iteration   4: 184,514 ns/op
                 encodedBytes:       12,000 B/op
                 gc.alloc.rate:      3927,667 MB/sec
                 gc.alloc.rate.norm: 760,001 B/op
                 gc.count:           13,000 counts
                 gc.time:            7,000 ms

Iteration   5: 181,984 ns/op
                 encodedBytes:       12,000 B/op
                 gc.alloc.rate:      3981,902 MB/sec
                 gc.alloc.rate.norm: 760,001 B/op
                 gc.count:           13,000 counts
                 gc.time:            6,000 ms



Result "io.grpc.benchmarks.netty.HpackTableSizeBenchmark.encode":
  183,573 ±(99.9%) 1,306 ns/op [Average]
  (min, avg, max) = (181,623, 183,573, 185,320), stdev = 1,222
  CI (99.9%): [182,267, 184,879] (assumes normal distribution)

Secondary result "io.grpc.benchmarks.netty.HpackTableSizeBenchmark.encode:encodedBytes":
  12,000 ±(99.9%) 0,001 B/op [Average]
  (min, avg, max) = (12,000, 12,000, 12,000), stdev = 0,001
  CI (99.9%): [12,000, 12,000] (assumes normal distribution)

Secondary result "io.grpc.benchmarks.netty.HpackTableSizeBenchmark.encode:gc.alloc.rate":
  3947,887 ±(99.9%) 28,078 MB/sec [Average]
  (min, avg, max) = (3910,536, 3947,887, 3990,225), stdev = 26,264
  CI (99.9%): [3919,808, 3975,965] (assumes normal distribution)

Secondary result "io.grpc.benchmarks.netty.HpackTableSizeBenchmark.encode:gc.alloc.rate.norm":
  760,001 ±(99.9%) 0,001 B/op [Average]
  (min, avg, max) = (760,001, 760,001, 760,001), stdev = 0,001
  CI (99.9%): [760,001, 760,001] (assumes normal distribution)

Secondary result "io.grpc.benchmarks.netty.HpackTableSizeBenchmark.encode:gc.count":
  195,000 ±(99.9%) 0,001 counts [Sum]
  (min, avg, max) = (13,000, 13,000, 13,000), stdev = 0,001
  CI (99.9%): [195,000, 195,000] (assumes normal distribution)

Secondary result "io.grpc.benchmarks.netty.HpackTableSizeBenchmark.encode:gc.time":
  98,000 ±(99.9%) 0,001 ms [Sum]
  (min, avg, max) = (6,000, 6,533, 7,000), stdev = 0,516
  CI (99.9%): [98,000, 98,000] (assumes normal distribution)


# JMH version: 1.37
# VM version: JDK 21.0.12, OpenJDK 64-Bit Server VM, 21.0.12
# VM invoker: /opt/homebrew/Cellar/openjdk@21/21.0.12/libexec/openjdk.jdk/Contents/Home/bin/java
# VM options: -Xms512m -Xmx512m -XX:+UseG1GC
# Blackhole mode: compiler (auto-detected, use -Djmh.blackhole.autoDetect=false to disable)
# Warmup: 3 iterations, 1 s each
# Measurement: 5 iterations, 1 s each
# Timeout: 10 min per iteration
# Threads: 1 thread, will synchronize iterations
# Benchmark mode: Average time, time/op
# Benchmark: io.grpc.benchmarks.netty.HpackTableSizeBenchmark.encode
# Parameters: (buckets = 64, peerTableBytes = 4096, workload = MIXED_SHORT)

# Run progress: 53,33% complete, ETA 00:05:45
# Fork: 1 of 3
# Warmup Iteration   1: 1110,844 ns/op
# Warmup Iteration   2: 1042,892 ns/op
# Warmup Iteration   3: 1040,018 ns/op
Iteration   1: 1039,524 ns/op
                 encodedBytes:       276,617 B/op
                 gc.alloc.rate:      1562,830 MB/sec
                 gc.alloc.rate.norm: 1703,719 B/op
                 gc.count:           6,000 counts
                 gc.time:            3,000 ms

Iteration   2: 1040,021 ns/op
                 encodedBytes:       276,617 B/op
                 gc.alloc.rate:      1562,101 MB/sec
                 gc.alloc.rate.norm: 1703,718 B/op
                 gc.count:           5,000 counts
                 gc.time:            2,000 ms

Iteration   3: 1039,894 ns/op
                 encodedBytes:       276,618 B/op
                 gc.alloc.rate:      1562,273 MB/sec
                 gc.alloc.rate.norm: 1703,718 B/op
                 gc.count:           5,000 counts
                 gc.time:            3,000 ms

Iteration   4: 1039,641 ns/op
                 encodedBytes:       276,617 B/op
                 gc.alloc.rate:      1562,669 MB/sec
                 gc.alloc.rate.norm: 1703,718 B/op
                 gc.count:           5,000 counts
                 gc.time:            3,000 ms

Iteration   5: 1037,981 ns/op
                 encodedBytes:       276,618 B/op
                 gc.alloc.rate:      1565,024 MB/sec
                 gc.alloc.rate.norm: 1703,719 B/op
                 gc.count:           5,000 counts
                 gc.time:            2,000 ms


# Run progress: 54,44% complete, ETA 00:05:37
# Fork: 2 of 3
# Warmup Iteration   1: 1103,888 ns/op
# Warmup Iteration   2: 1059,249 ns/op
# Warmup Iteration   3: 1050,485 ns/op
Iteration   1: 1044,116 ns/op
                 encodedBytes:       276,618 B/op
                 gc.alloc.rate:      1555,967 MB/sec
                 gc.alloc.rate.norm: 1703,719 B/op
                 gc.count:           5,000 counts
                 gc.time:            2,000 ms

Iteration   2: 1044,163 ns/op
                 encodedBytes:       276,618 B/op
                 gc.alloc.rate:      1555,896 MB/sec
                 gc.alloc.rate.norm: 1703,718 B/op
                 gc.count:           6,000 counts
                 gc.time:            3,000 ms

Iteration   3: 1037,202 ns/op
                 encodedBytes:       276,617 B/op
                 gc.alloc.rate:      1566,327 MB/sec
                 gc.alloc.rate.norm: 1703,719 B/op
                 gc.count:           5,000 counts
                 gc.time:            3,000 ms

Iteration   4: 1043,515 ns/op
                 encodedBytes:       276,617 B/op
                 gc.alloc.rate:      1556,865 MB/sec
                 gc.alloc.rate.norm: 1703,718 B/op
                 gc.count:           5,000 counts
                 gc.time:            2,000 ms

Iteration   5: 1055,288 ns/op
                 encodedBytes:       276,618 B/op
                 gc.alloc.rate:      1539,363 MB/sec
                 gc.alloc.rate.norm: 1703,719 B/op
                 gc.count:           5,000 counts
                 gc.time:            3,000 ms


# Run progress: 55,56% complete, ETA 00:05:29
# Fork: 3 of 3
# Warmup Iteration   1: 1120,454 ns/op
# Warmup Iteration   2: 1060,522 ns/op
# Warmup Iteration   3: 1041,228 ns/op
Iteration   1: 1039,673 ns/op
                 encodedBytes:       276,618 B/op
                 gc.alloc.rate:      1562,614 MB/sec
                 gc.alloc.rate.norm: 1703,719 B/op
                 gc.count:           6,000 counts
                 gc.time:            3,000 ms

Iteration   2: 1039,963 ns/op
                 encodedBytes:       276,617 B/op
                 gc.alloc.rate:      1562,175 MB/sec
                 gc.alloc.rate.norm: 1703,719 B/op
                 gc.count:           5,000 counts
                 gc.time:            3,000 ms

Iteration   3: 1041,929 ns/op
                 encodedBytes:       276,617 B/op
                 gc.alloc.rate:      1559,232 MB/sec
                 gc.alloc.rate.norm: 1703,718 B/op
                 gc.count:           5,000 counts
                 gc.time:            2,000 ms

Iteration   4: 1046,446 ns/op
                 encodedBytes:       276,617 B/op
                 gc.alloc.rate:      1552,509 MB/sec
                 gc.alloc.rate.norm: 1703,718 B/op
                 gc.count:           5,000 counts
                 gc.time:            3,000 ms

Iteration   5: 1019,512 ns/op
                 encodedBytes:       276,617 B/op
                 gc.alloc.rate:      1593,321 MB/sec
                 gc.alloc.rate.norm: 1703,719 B/op
                 gc.count:           5,000 counts
                 gc.time:            2,000 ms



Result "io.grpc.benchmarks.netty.HpackTableSizeBenchmark.encode":
  1040,591 ±(99.9%) 7,838 ns/op [Average]
  (min, avg, max) = (1019,512, 1040,591, 1055,288), stdev = 7,332
  CI (99.9%): [1032,753, 1048,429] (assumes normal distribution)

Secondary result "io.grpc.benchmarks.netty.HpackTableSizeBenchmark.encode:encodedBytes":
  276,617 ±(99.9%) 0,001 B/op [Average]
  (min, avg, max) = (276,617, 276,617, 276,618), stdev = 0,001
  CI (99.9%): [276,617, 276,618] (assumes normal distribution)

Secondary result "io.grpc.benchmarks.netty.HpackTableSizeBenchmark.encode:gc.alloc.rate":
  1561,278 ±(99.9%) 11,825 MB/sec [Average]
  (min, avg, max) = (1539,363, 1561,278, 1593,321), stdev = 11,061
  CI (99.9%): [1549,453, 1573,103] (assumes normal distribution)

Secondary result "io.grpc.benchmarks.netty.HpackTableSizeBenchmark.encode:gc.alloc.rate.norm":
  1703,718 ±(99.9%) 0,001 B/op [Average]
  (min, avg, max) = (1703,718, 1703,718, 1703,719), stdev = 0,001
  CI (99.9%): [1703,718, 1703,719] (assumes normal distribution)

Secondary result "io.grpc.benchmarks.netty.HpackTableSizeBenchmark.encode:gc.count":
  78,000 ±(99.9%) 0,001 counts [Sum]
  (min, avg, max) = (5,000, 5,200, 6,000), stdev = 0,414
  CI (99.9%): [78,000, 78,000] (assumes normal distribution)

Secondary result "io.grpc.benchmarks.netty.HpackTableSizeBenchmark.encode:gc.time":
  39,000 ±(99.9%) 0,001 ms [Sum]
  (min, avg, max) = (2,000, 2,600, 3,000), stdev = 0,507
  CI (99.9%): [39,000, 39,000] (assumes normal distribution)


# JMH version: 1.37
# VM version: JDK 21.0.12, OpenJDK 64-Bit Server VM, 21.0.12
# VM invoker: /opt/homebrew/Cellar/openjdk@21/21.0.12/libexec/openjdk.jdk/Contents/Home/bin/java
# VM options: -Xms512m -Xmx512m -XX:+UseG1GC
# Blackhole mode: compiler (auto-detected, use -Djmh.blackhole.autoDetect=false to disable)
# Warmup: 3 iterations, 1 s each
# Measurement: 5 iterations, 1 s each
# Timeout: 10 min per iteration
# Threads: 1 thread, will synchronize iterations
# Benchmark mode: Average time, time/op
# Benchmark: io.grpc.benchmarks.netty.HpackTableSizeBenchmark.encode
# Parameters: (buckets = 64, peerTableBytes = 4096, workload = MIXED_LARGE)

# Run progress: 56,67% complete, ETA 00:05:20
# Fork: 1 of 3
# Warmup Iteration   1: 1326,973 ns/op
# Warmup Iteration   2: 1246,004 ns/op
# Warmup Iteration   3: 1247,787 ns/op
Iteration   1: 1242,286 ns/op
                 encodedBytes:       1428,950 B/op
                 gc.alloc.rate:      1492,448 MB/sec
                 gc.alloc.rate.norm: 1944,336 B/op
                 gc.count:           5,000 counts
                 gc.time:            3,000 ms

Iteration   2: 1245,488 ns/op
                 encodedBytes:       1428,949 B/op
                 gc.alloc.rate:      1488,613 MB/sec
                 gc.alloc.rate.norm: 1944,330 B/op
                 gc.count:           5,000 counts
                 gc.time:            2,000 ms

Iteration   3: 1244,097 ns/op
                 encodedBytes:       1428,949 B/op
                 gc.alloc.rate:      1490,273 MB/sec
                 gc.alloc.rate.norm: 1944,331 B/op
                 gc.count:           5,000 counts
                 gc.time:            3,000 ms

Iteration   4: 1241,143 ns/op
                 encodedBytes:       1428,948 B/op
                 gc.alloc.rate:      1493,826 MB/sec
                 gc.alloc.rate.norm: 1944,329 B/op
                 gc.count:           5,000 counts
                 gc.time:            2,000 ms

Iteration   5: 1243,333 ns/op
                 encodedBytes:       1428,950 B/op
                 gc.alloc.rate:      1491,066 MB/sec
                 gc.alloc.rate.norm: 1944,335 B/op
                 gc.count:           4,000 counts
                 gc.time:            2,000 ms


# Run progress: 57,78% complete, ETA 00:05:12
# Fork: 2 of 3
# Warmup Iteration   1: 1328,917 ns/op
# Warmup Iteration   2: 1244,710 ns/op
# Warmup Iteration   3: 1241,943 ns/op
Iteration   1: 1240,444 ns/op
                 encodedBytes:       1428,949 B/op
                 gc.alloc.rate:      1494,661 MB/sec
                 gc.alloc.rate.norm: 1944,329 B/op
                 gc.count:           5,000 counts
                 gc.time:            2,000 ms

Iteration   2: 1242,552 ns/op
                 encodedBytes:       1428,948 B/op
                 gc.alloc.rate:      1492,138 MB/sec
                 gc.alloc.rate.norm: 1944,328 B/op
                 gc.count:           5,000 counts
                 gc.time:            3,000 ms

Iteration   3: 1239,934 ns/op
                 encodedBytes:       1428,950 B/op
                 gc.alloc.rate:      1495,291 MB/sec
                 gc.alloc.rate.norm: 1944,334 B/op
                 gc.count:           5,000 counts
                 gc.time:            3,000 ms

Iteration   4: 1242,377 ns/op
                 encodedBytes:       1428,950 B/op
                 gc.alloc.rate:      1492,333 MB/sec
                 gc.alloc.rate.norm: 1944,333 B/op
                 gc.count:           5,000 counts
                 gc.time:            3,000 ms

Iteration   5: 1240,693 ns/op
                 encodedBytes:       1428,949 B/op
                 gc.alloc.rate:      1494,241 MB/sec
                 gc.alloc.rate.norm: 1944,331 B/op
                 gc.count:           4,000 counts
                 gc.time:            2,000 ms


# Run progress: 58,89% complete, ETA 00:05:04
# Fork: 3 of 3
# Warmup Iteration   1: 1327,995 ns/op
# Warmup Iteration   2: 1250,157 ns/op
# Warmup Iteration   3: 1245,761 ns/op
Iteration   1: 1242,312 ns/op
                 encodedBytes:       1428,948 B/op
                 gc.alloc.rate:      1492,411 MB/sec
                 gc.alloc.rate.norm: 1944,328 B/op
                 gc.count:           5,000 counts
                 gc.time:            2,000 ms

Iteration   2: 1242,161 ns/op
                 encodedBytes:       1428,948 B/op
                 gc.alloc.rate:      1492,602 MB/sec
                 gc.alloc.rate.norm: 1944,328 B/op
                 gc.count:           5,000 counts
                 gc.time:            3,000 ms

Iteration   3: 1244,379 ns/op
                 encodedBytes:       1428,949 B/op
                 gc.alloc.rate:      1489,947 MB/sec
                 gc.alloc.rate.norm: 1944,331 B/op
                 gc.count:           5,000 counts
                 gc.time:            3,000 ms

Iteration   4: 1258,781 ns/op
                 encodedBytes:       1428,950 B/op
                 gc.alloc.rate:      1472,894 MB/sec
                 gc.alloc.rate.norm: 1944,335 B/op
                 gc.count:           4,000 counts
                 gc.time:            2,000 ms

Iteration   5: 1244,357 ns/op
                 encodedBytes:       1428,949 B/op
                 gc.alloc.rate:      1489,827 MB/sec
                 gc.alloc.rate.norm: 1944,329 B/op
                 gc.count:           5,000 counts
                 gc.time:            2,000 ms



Result "io.grpc.benchmarks.netty.HpackTableSizeBenchmark.encode":
  1243,622 ±(99.9%) 4,793 ns/op [Average]
  (min, avg, max) = (1239,934, 1243,622, 1258,781), stdev = 4,484
  CI (99.9%): [1238,829, 1248,416] (assumes normal distribution)

Secondary result "io.grpc.benchmarks.netty.HpackTableSizeBenchmark.encode:encodedBytes":
  1428,949 ±(99.9%) 0,001 B/op [Average]
  (min, avg, max) = (1428,948, 1428,949, 1428,950), stdev = 0,001
  CI (99.9%): [1428,948, 1428,950] (assumes normal distribution)

Secondary result "io.grpc.benchmarks.netty.HpackTableSizeBenchmark.encode:gc.alloc.rate":
  1490,838 ±(99.9%) 5,687 MB/sec [Average]
  (min, avg, max) = (1472,894, 1490,838, 1495,291), stdev = 5,320
  CI (99.9%): [1485,151, 1496,525] (assumes normal distribution)

Secondary result "io.grpc.benchmarks.netty.HpackTableSizeBenchmark.encode:gc.alloc.rate.norm":
  1944,331 ±(99.9%) 0,003 B/op [Average]
  (min, avg, max) = (1944,328, 1944,331, 1944,336), stdev = 0,003
  CI (99.9%): [1944,328, 1944,334] (assumes normal distribution)

Secondary result "io.grpc.benchmarks.netty.HpackTableSizeBenchmark.encode:gc.count":
  72,000 ±(99.9%) 0,001 counts [Sum]
  (min, avg, max) = (4,000, 4,800, 5,000), stdev = 0,414
  CI (99.9%): [72,000, 72,000] (assumes normal distribution)

Secondary result "io.grpc.benchmarks.netty.HpackTableSizeBenchmark.encode:gc.time":
  37,000 ±(99.9%) 0,001 ms [Sum]
  (min, avg, max) = (2,000, 2,467, 3,000), stdev = 0,516
  CI (99.9%): [37,000, 37,000] (assumes normal distribution)


# JMH version: 1.37
# VM version: JDK 21.0.12, OpenJDK 64-Bit Server VM, 21.0.12
# VM invoker: /opt/homebrew/Cellar/openjdk@21/21.0.12/libexec/openjdk.jdk/Contents/Home/bin/java
# VM options: -Xms512m -Xmx512m -XX:+UseG1GC
# Blackhole mode: compiler (auto-detected, use -Djmh.blackhole.autoDetect=false to disable)
# Warmup: 3 iterations, 1 s each
# Measurement: 5 iterations, 1 s each
# Timeout: 10 min per iteration
# Threads: 1 thread, will synchronize iterations
# Benchmark mode: Average time, time/op
# Benchmark: io.grpc.benchmarks.netty.HpackTableSizeBenchmark.encode
# Parameters: (buckets = 64, peerTableBytes = 8192, workload = STABLE)

# Run progress: 60,00% complete, ETA 00:04:56
# Fork: 1 of 3
# Warmup Iteration   1: 186,970 ns/op
# Warmup Iteration   2: 178,419 ns/op
# Warmup Iteration   3: 178,926 ns/op
Iteration   1: 178,040 ns/op
                 encodedBytes:       12,000 B/op
                 gc.alloc.rate:      4070,472 MB/sec
                 gc.alloc.rate.norm: 760,001 B/op
                 gc.count:           13,000 counts
                 gc.time:            7,000 ms

Iteration   2: 178,206 ns/op
                 encodedBytes:       12,000 B/op
                 gc.alloc.rate:      4066,709 MB/sec
                 gc.alloc.rate.norm: 760,001 B/op
                 gc.count:           14,000 counts
                 gc.time:            7,000 ms

Iteration   3: 178,662 ns/op
                 encodedBytes:       12,000 B/op
                 gc.alloc.rate:      4056,332 MB/sec
                 gc.alloc.rate.norm: 760,001 B/op
                 gc.count:           13,000 counts
                 gc.time:            6,000 ms

Iteration   4: 178,507 ns/op
                 encodedBytes:       12,000 B/op
                 gc.alloc.rate:      4059,861 MB/sec
                 gc.alloc.rate.norm: 760,001 B/op
                 gc.count:           13,000 counts
                 gc.time:            7,000 ms

Iteration   5: 178,787 ns/op
                 encodedBytes:       12,000 B/op
                 gc.alloc.rate:      4053,112 MB/sec
                 gc.alloc.rate.norm: 760,001 B/op
                 gc.count:           14,000 counts
                 gc.time:            7,000 ms


# Run progress: 61,11% complete, ETA 00:04:47
# Fork: 2 of 3
# Warmup Iteration   1: 186,977 ns/op
# Warmup Iteration   2: 178,018 ns/op
# Warmup Iteration   3: 177,573 ns/op
Iteration   1: 177,713 ns/op
                 encodedBytes:       12,000 B/op
                 gc.alloc.rate:      4078,001 MB/sec
                 gc.alloc.rate.norm: 760,001 B/op
                 gc.count:           14,000 counts
                 gc.time:            7,000 ms

Iteration   2: 178,078 ns/op
                 encodedBytes:       12,000 B/op
                 gc.alloc.rate:      4069,637 MB/sec
                 gc.alloc.rate.norm: 760,001 B/op
                 gc.count:           13,000 counts
                 gc.time:            6,000 ms

Iteration   3: 177,081 ns/op
                 encodedBytes:       12,000 B/op
                 gc.alloc.rate:      4092,555 MB/sec
                 gc.alloc.rate.norm: 760,001 B/op
                 gc.count:           13,000 counts
                 gc.time:            7,000 ms

Iteration   4: 177,270 ns/op
                 encodedBytes:       12,000 B/op
                 gc.alloc.rate:      4088,191 MB/sec
                 gc.alloc.rate.norm: 760,001 B/op
                 gc.count:           14,000 counts
                 gc.time:            7,000 ms

Iteration   5: 177,726 ns/op
                 encodedBytes:       12,000 B/op
                 gc.alloc.rate:      4077,306 MB/sec
                 gc.alloc.rate.norm: 760,001 B/op
                 gc.count:           13,000 counts
                 gc.time:            7,000 ms


# Run progress: 62,22% complete, ETA 00:04:39
# Fork: 3 of 3
# Warmup Iteration   1: 187,712 ns/op
# Warmup Iteration   2: 179,403 ns/op
# Warmup Iteration   3: 178,941 ns/op
Iteration   1: 179,006 ns/op
                 encodedBytes:       12,000 B/op
                 gc.alloc.rate:      4048,549 MB/sec
                 gc.alloc.rate.norm: 760,001 B/op
                 gc.count:           13,000 counts
                 gc.time:            6,000 ms

Iteration   2: 178,956 ns/op
                 encodedBytes:       12,000 B/op
                 gc.alloc.rate:      4049,693 MB/sec
                 gc.alloc.rate.norm: 760,001 B/op
                 gc.count:           14,000 counts
                 gc.time:            7,000 ms

Iteration   3: 179,013 ns/op
                 encodedBytes:       12,000 B/op
                 gc.alloc.rate:      4048,364 MB/sec
                 gc.alloc.rate.norm: 760,001 B/op
                 gc.count:           13,000 counts
                 gc.time:            7,000 ms

Iteration   4: 178,887 ns/op
                 encodedBytes:       12,000 B/op
                 gc.alloc.rate:      4051,200 MB/sec
                 gc.alloc.rate.norm: 760,001 B/op
                 gc.count:           13,000 counts
                 gc.time:            6,000 ms

Iteration   5: 178,301 ns/op
                 encodedBytes:       12,000 B/op
                 gc.alloc.rate:      4064,220 MB/sec
                 gc.alloc.rate.norm: 760,001 B/op
                 gc.count:           14,000 counts
                 gc.time:            7,000 ms



Result "io.grpc.benchmarks.netty.HpackTableSizeBenchmark.encode":
  178,282 ±(99.9%) 0,672 ns/op [Average]
  (min, avg, max) = (177,081, 178,282, 179,013), stdev = 0,629
  CI (99.9%): [177,610, 178,954] (assumes normal distribution)

Secondary result "io.grpc.benchmarks.netty.HpackTableSizeBenchmark.encode:encodedBytes":
  12,000 ±(99.9%) 0,001 B/op [Average]
  (min, avg, max) = (12,000, 12,000, 12,000), stdev = 0,001
  CI (99.9%): [12,000, 12,000] (assumes normal distribution)

Secondary result "io.grpc.benchmarks.netty.HpackTableSizeBenchmark.encode:gc.alloc.rate":
  4064,947 ±(99.9%) 15,353 MB/sec [Average]
  (min, avg, max) = (4048,364, 4064,947, 4092,555), stdev = 14,361
  CI (99.9%): [4049,594, 4080,300] (assumes normal distribution)

Secondary result "io.grpc.benchmarks.netty.HpackTableSizeBenchmark.encode:gc.alloc.rate.norm":
  760,001 ±(99.9%) 0,001 B/op [Average]
  (min, avg, max) = (760,001, 760,001, 760,001), stdev = 0,001
  CI (99.9%): [760,001, 760,001] (assumes normal distribution)

Secondary result "io.grpc.benchmarks.netty.HpackTableSizeBenchmark.encode:gc.count":
  201,000 ±(99.9%) 0,001 counts [Sum]
  (min, avg, max) = (13,000, 13,400, 14,000), stdev = 0,507
  CI (99.9%): [201,000, 201,000] (assumes normal distribution)

Secondary result "io.grpc.benchmarks.netty.HpackTableSizeBenchmark.encode:gc.time":
  101,000 ±(99.9%) 0,001 ms [Sum]
  (min, avg, max) = (6,000, 6,733, 7,000), stdev = 0,458
  CI (99.9%): [101,000, 101,000] (assumes normal distribution)


# JMH version: 1.37
# VM version: JDK 21.0.12, OpenJDK 64-Bit Server VM, 21.0.12
# VM invoker: /opt/homebrew/Cellar/openjdk@21/21.0.12/libexec/openjdk.jdk/Contents/Home/bin/java
# VM options: -Xms512m -Xmx512m -XX:+UseG1GC
# Blackhole mode: compiler (auto-detected, use -Djmh.blackhole.autoDetect=false to disable)
# Warmup: 3 iterations, 1 s each
# Measurement: 5 iterations, 1 s each
# Timeout: 10 min per iteration
# Threads: 1 thread, will synchronize iterations
# Benchmark mode: Average time, time/op
# Benchmark: io.grpc.benchmarks.netty.HpackTableSizeBenchmark.encode
# Parameters: (buckets = 64, peerTableBytes = 8192, workload = MIXED_SHORT)

# Run progress: 63,33% complete, ETA 00:04:31
# Fork: 1 of 3
# Warmup Iteration   1: 1068,259 ns/op
# Warmup Iteration   2: 1005,404 ns/op
# Warmup Iteration   3: 994,495 ns/op
Iteration   1: 998,107 ns/op
                 encodedBytes:       276,617 B/op
                 gc.alloc.rate:      1627,669 MB/sec
                 gc.alloc.rate.norm: 1703,718 B/op
                 gc.count:           5,000 counts
                 gc.time:            2,000 ms

Iteration   2: 999,851 ns/op
                 encodedBytes:       276,618 B/op
                 gc.alloc.rate:      1624,855 MB/sec
                 gc.alloc.rate.norm: 1703,718 B/op
                 gc.count:           6,000 counts
                 gc.time:            4,000 ms

Iteration   3: 994,260 ns/op
                 encodedBytes:       276,617 B/op
                 gc.alloc.rate:      1633,988 MB/sec
                 gc.alloc.rate.norm: 1703,718 B/op
                 gc.count:           5,000 counts
                 gc.time:            2,000 ms

Iteration   4: 990,887 ns/op
                 encodedBytes:       276,617 B/op
                 gc.alloc.rate:      1639,556 MB/sec
                 gc.alloc.rate.norm: 1703,718 B/op
                 gc.count:           6,000 counts
                 gc.time:            3,000 ms

Iteration   5: 1000,161 ns/op
                 encodedBytes:       276,618 B/op
                 gc.alloc.rate:      1623,960 MB/sec
                 gc.alloc.rate.norm: 1703,718 B/op
                 gc.count:           5,000 counts
                 gc.time:            3,000 ms


# Run progress: 64,44% complete, ETA 00:04:23
# Fork: 2 of 3
# Warmup Iteration   1: 1071,504 ns/op
# Warmup Iteration   2: 1005,018 ns/op
# Warmup Iteration   3: 991,235 ns/op
Iteration   1: 1003,389 ns/op
                 encodedBytes:       276,618 B/op
                 gc.alloc.rate:      1619,123 MB/sec
                 gc.alloc.rate.norm: 1703,719 B/op
                 gc.count:           5,000 counts
                 gc.time:            3,000 ms

Iteration   2: 998,478 ns/op
                 encodedBytes:       276,617 B/op
                 gc.alloc.rate:      1627,085 MB/sec
                 gc.alloc.rate.norm: 1703,718 B/op
                 gc.count:           6,000 counts
                 gc.time:            3,000 ms

Iteration   3: 995,103 ns/op
                 encodedBytes:       276,618 B/op
                 gc.alloc.rate:      1632,606 MB/sec
                 gc.alloc.rate.norm: 1703,718 B/op
                 gc.count:           5,000 counts
                 gc.time:            3,000 ms

Iteration   4: 996,985 ns/op
                 encodedBytes:       276,617 B/op
                 gc.alloc.rate:      1629,513 MB/sec
                 gc.alloc.rate.norm: 1703,718 B/op
                 gc.count:           6,000 counts
                 gc.time:            3,000 ms

Iteration   5: 995,395 ns/op
                 encodedBytes:       276,617 B/op
                 gc.alloc.rate:      1632,005 MB/sec
                 gc.alloc.rate.norm: 1703,717 B/op
                 gc.count:           5,000 counts
                 gc.time:            2,000 ms


# Run progress: 65,56% complete, ETA 00:04:15
# Fork: 3 of 3
# Warmup Iteration   1: 1043,397 ns/op
# Warmup Iteration   2: 982,499 ns/op
# Warmup Iteration   3: 975,941 ns/op
Iteration   1: 973,338 ns/op
                 encodedBytes:       276,618 B/op
                 gc.alloc.rate:      1669,113 MB/sec
                 gc.alloc.rate.norm: 1703,718 B/op
                 gc.count:           6,000 counts
                 gc.time:            3,000 ms

Iteration   2: 975,649 ns/op
                 encodedBytes:       276,617 B/op
                 gc.alloc.rate:      1665,143 MB/sec
                 gc.alloc.rate.norm: 1703,717 B/op
                 gc.count:           5,000 counts
                 gc.time:            3,000 ms

Iteration   3: 976,746 ns/op
                 encodedBytes:       276,618 B/op
                 gc.alloc.rate:      1663,291 MB/sec
                 gc.alloc.rate.norm: 1703,718 B/op
                 gc.count:           6,000 counts
                 gc.time:            3,000 ms

Iteration   4: 977,408 ns/op
                 encodedBytes:       276,617 B/op
                 gc.alloc.rate:      1662,153 MB/sec
                 gc.alloc.rate.norm: 1703,718 B/op
                 gc.count:           5,000 counts
                 gc.time:            3,000 ms

Iteration   5: 972,523 ns/op
                 encodedBytes:       276,618 B/op
                 gc.alloc.rate:      1670,397 MB/sec
                 gc.alloc.rate.norm: 1703,718 B/op
                 gc.count:           6,000 counts
                 gc.time:            3,000 ms



Result "io.grpc.benchmarks.netty.HpackTableSizeBenchmark.encode":
  989,885 ±(99.9%) 11,997 ns/op [Average]
  (min, avg, max) = (972,523, 989,885, 1003,389), stdev = 11,222
  CI (99.9%): [977,889, 1001,882] (assumes normal distribution)

Secondary result "io.grpc.benchmarks.netty.HpackTableSizeBenchmark.encode:encodedBytes":
  276,617 ±(99.9%) 0,001 B/op [Average]
  (min, avg, max) = (276,617, 276,617, 276,618), stdev = 0,001
  CI (99.9%): [276,617, 276,618] (assumes normal distribution)

Secondary result "io.grpc.benchmarks.netty.HpackTableSizeBenchmark.encode:gc.alloc.rate":
  1641,364 ±(99.9%) 20,032 MB/sec [Average]
  (min, avg, max) = (1619,123, 1641,364, 1670,397), stdev = 18,738
  CI (99.9%): [1621,332, 1661,395] (assumes normal distribution)

Secondary result "io.grpc.benchmarks.netty.HpackTableSizeBenchmark.encode:gc.alloc.rate.norm":
  1703,718 ±(99.9%) 0,001 B/op [Average]
  (min, avg, max) = (1703,717, 1703,718, 1703,719), stdev = 0,001
  CI (99.9%): [1703,718, 1703,718] (assumes normal distribution)

Secondary result "io.grpc.benchmarks.netty.HpackTableSizeBenchmark.encode:gc.count":
  82,000 ±(99.9%) 0,001 counts [Sum]
  (min, avg, max) = (5,000, 5,467, 6,000), stdev = 0,516
  CI (99.9%): [82,000, 82,000] (assumes normal distribution)

Secondary result "io.grpc.benchmarks.netty.HpackTableSizeBenchmark.encode:gc.time":
  43,000 ±(99.9%) 0,001 ms [Sum]
  (min, avg, max) = (2,000, 2,867, 4,000), stdev = 0,516
  CI (99.9%): [43,000, 43,000] (assumes normal distribution)


# JMH version: 1.37
# VM version: JDK 21.0.12, OpenJDK 64-Bit Server VM, 21.0.12
# VM invoker: /opt/homebrew/Cellar/openjdk@21/21.0.12/libexec/openjdk.jdk/Contents/Home/bin/java
# VM options: -Xms512m -Xmx512m -XX:+UseG1GC
# Blackhole mode: compiler (auto-detected, use -Djmh.blackhole.autoDetect=false to disable)
# Warmup: 3 iterations, 1 s each
# Measurement: 5 iterations, 1 s each
# Timeout: 10 min per iteration
# Threads: 1 thread, will synchronize iterations
# Benchmark mode: Average time, time/op
# Benchmark: io.grpc.benchmarks.netty.HpackTableSizeBenchmark.encode
# Parameters: (buckets = 64, peerTableBytes = 8192, workload = MIXED_LARGE)

# Run progress: 66,67% complete, ETA 00:04:06
# Fork: 1 of 3
# Warmup Iteration   1: 1323,302 ns/op
# Warmup Iteration   2: 1242,992 ns/op
# Warmup Iteration   3: 1240,256 ns/op
Iteration   1: 1243,751 ns/op
                 encodedBytes:       1428,949 B/op
                 gc.alloc.rate:      1490,683 MB/sec
                 gc.alloc.rate.norm: 1944,330 B/op
                 gc.count:           5,000 counts
                 gc.time:            3,000 ms

Iteration   2: 1242,297 ns/op
                 encodedBytes:       1428,949 B/op
                 gc.alloc.rate:      1492,448 MB/sec
                 gc.alloc.rate.norm: 1944,333 B/op
                 gc.count:           5,000 counts
                 gc.time:            2,000 ms

Iteration   3: 1244,867 ns/op
                 encodedBytes:       1428,948 B/op
                 gc.alloc.rate:      1489,340 MB/sec
                 gc.alloc.rate.norm: 1944,327 B/op
                 gc.count:           5,000 counts
                 gc.time:            3,000 ms

Iteration   4: 1241,164 ns/op
                 encodedBytes:       1428,951 B/op
                 gc.alloc.rate:      1493,809 MB/sec
                 gc.alloc.rate.norm: 1944,336 B/op
                 gc.count:           5,000 counts
                 gc.time:            3,000 ms

Iteration   5: 1242,447 ns/op
                 encodedBytes:       1428,949 B/op
                 gc.alloc.rate:      1492,121 MB/sec
                 gc.alloc.rate.norm: 1944,330 B/op
                 gc.count:           4,000 counts
                 gc.time:            2,000 ms


# Run progress: 67,78% complete, ETA 00:03:58
# Fork: 2 of 3
# Warmup Iteration   1: 1319,071 ns/op
# Warmup Iteration   2: 1247,787 ns/op
# Warmup Iteration   3: 1243,580 ns/op
Iteration   1: 1236,335 ns/op
                 encodedBytes:       1428,948 B/op
                 gc.alloc.rate:      1499,628 MB/sec
                 gc.alloc.rate.norm: 1944,329 B/op
                 gc.count:           5,000 counts
                 gc.time:            3,000 ms

Iteration   2: 1236,893 ns/op
                 encodedBytes:       1428,950 B/op
                 gc.alloc.rate:      1498,942 MB/sec
                 gc.alloc.rate.norm: 1944,335 B/op
                 gc.count:           5,000 counts
                 gc.time:            2,000 ms

Iteration   3: 1237,599 ns/op
                 encodedBytes:       1428,949 B/op
                 gc.alloc.rate:      1498,109 MB/sec
                 gc.alloc.rate.norm: 1944,331 B/op
                 gc.count:           5,000 counts
                 gc.time:            3,000 ms

Iteration   4: 1232,777 ns/op
                 encodedBytes:       1428,949 B/op
                 gc.alloc.rate:      1503,968 MB/sec
                 gc.alloc.rate.norm: 1944,329 B/op
                 gc.count:           5,000 counts
                 gc.time:            3,000 ms

Iteration   5: 1237,584 ns/op
                 encodedBytes:       1428,950 B/op
                 gc.alloc.rate:      1498,000 MB/sec
                 gc.alloc.rate.norm: 1944,335 B/op
                 gc.count:           5,000 counts
                 gc.time:            3,000 ms


# Run progress: 68,89% complete, ETA 00:03:50
# Fork: 3 of 3
# Warmup Iteration   1: 1314,333 ns/op
# Warmup Iteration   2: 1244,632 ns/op
# Warmup Iteration   3: 1238,535 ns/op
Iteration   1: 1236,959 ns/op
                 encodedBytes:       1428,947 B/op
                 gc.alloc.rate:      1498,880 MB/sec
                 gc.alloc.rate.norm: 1944,326 B/op
                 gc.count:           5,000 counts
                 gc.time:            2,000 ms

Iteration   2: 1235,871 ns/op
                 encodedBytes:       1428,950 B/op
                 gc.alloc.rate:      1500,185 MB/sec
                 gc.alloc.rate.norm: 1944,333 B/op
                 gc.count:           5,000 counts
                 gc.time:            3,000 ms

Iteration   3: 1237,715 ns/op
                 encodedBytes:       1428,949 B/op
                 gc.alloc.rate:      1497,963 MB/sec
                 gc.alloc.rate.norm: 1944,332 B/op
                 gc.count:           5,000 counts
                 gc.time:            3,000 ms

Iteration   4: 1240,336 ns/op
                 encodedBytes:       1428,949 B/op
                 gc.alloc.rate:      1494,802 MB/sec
                 gc.alloc.rate.norm: 1944,332 B/op
                 gc.count:           5,000 counts
                 gc.time:            3,000 ms

Iteration   5: 1236,541 ns/op
                 encodedBytes:       1428,949 B/op
                 gc.alloc.rate:      1499,258 MB/sec
                 gc.alloc.rate.norm: 1944,331 B/op
                 gc.count:           5,000 counts
                 gc.time:            2,000 ms



Result "io.grpc.benchmarks.netty.HpackTableSizeBenchmark.encode":
  1238,876 ±(99.9%) 3,635 ns/op [Average]
  (min, avg, max) = (1232,777, 1238,876, 1244,867), stdev = 3,400
  CI (99.9%): [1235,240, 1242,511] (assumes normal distribution)

Secondary result "io.grpc.benchmarks.netty.HpackTableSizeBenchmark.encode:encodedBytes":
  1428,949 ±(99.9%) 0,001 B/op [Average]
  (min, avg, max) = (1428,947, 1428,949, 1428,951), stdev = 0,001
  CI (99.9%): [1428,948, 1428,950] (assumes normal distribution)

Secondary result "io.grpc.benchmarks.netty.HpackTableSizeBenchmark.encode:gc.alloc.rate":
  1496,542 ±(99.9%) 4,391 MB/sec [Average]
  (min, avg, max) = (1489,340, 1496,542, 1503,968), stdev = 4,107
  CI (99.9%): [1492,152, 1500,933] (assumes normal distribution)

Secondary result "io.grpc.benchmarks.netty.HpackTableSizeBenchmark.encode:gc.alloc.rate.norm":
  1944,331 ±(99.9%) 0,003 B/op [Average]
  (min, avg, max) = (1944,326, 1944,331, 1944,336), stdev = 0,003
  CI (99.9%): [1944,328, 1944,334] (assumes normal distribution)

Secondary result "io.grpc.benchmarks.netty.HpackTableSizeBenchmark.encode:gc.count":
  74,000 ±(99.9%) 0,001 counts [Sum]
  (min, avg, max) = (4,000, 4,933, 5,000), stdev = 0,258
  CI (99.9%): [74,000, 74,000] (assumes normal distribution)

Secondary result "io.grpc.benchmarks.netty.HpackTableSizeBenchmark.encode:gc.time":
  40,000 ±(99.9%) 0,001 ms [Sum]
  (min, avg, max) = (2,000, 2,667, 3,000), stdev = 0,488
  CI (99.9%): [40,000, 40,000] (assumes normal distribution)


# JMH version: 1.37
# VM version: JDK 21.0.12, OpenJDK 64-Bit Server VM, 21.0.12
# VM invoker: /opt/homebrew/Cellar/openjdk@21/21.0.12/libexec/openjdk.jdk/Contents/Home/bin/java
# VM options: -Xms512m -Xmx512m -XX:+UseG1GC
# Blackhole mode: compiler (auto-detected, use -Djmh.blackhole.autoDetect=false to disable)
# Warmup: 3 iterations, 1 s each
# Measurement: 5 iterations, 1 s each
# Timeout: 10 min per iteration
# Threads: 1 thread, will synchronize iterations
# Benchmark mode: Average time, time/op
# Benchmark: io.grpc.benchmarks.netty.HpackTableSizeBenchmark.encode
# Parameters: (buckets = 128, peerTableBytes = 1024, workload = STABLE)

# Run progress: 70,00% complete, ETA 00:03:42
# Fork: 1 of 3
# Warmup Iteration   1: 186,678 ns/op
# Warmup Iteration   2: 178,259 ns/op
# Warmup Iteration   3: 177,795 ns/op
Iteration   1: 177,695 ns/op
                 encodedBytes:       12,000 B/op
                 gc.alloc.rate:      4078,410 MB/sec
                 gc.alloc.rate.norm: 760,001 B/op
                 gc.count:           13,000 counts
                 gc.time:            7,000 ms

Iteration   2: 177,664 ns/op
                 encodedBytes:       12,000 B/op
                 gc.alloc.rate:      4079,124 MB/sec
                 gc.alloc.rate.norm: 760,001 B/op
                 gc.count:           14,000 counts
                 gc.time:            7,000 ms

Iteration   3: 177,776 ns/op
                 encodedBytes:       12,000 B/op
                 gc.alloc.rate:      4076,543 MB/sec
                 gc.alloc.rate.norm: 760,001 B/op
                 gc.count:           13,000 counts
                 gc.time:            7,000 ms

Iteration   4: 177,863 ns/op
                 encodedBytes:       12,000 B/op
                 gc.alloc.rate:      4074,534 MB/sec
                 gc.alloc.rate.norm: 760,001 B/op
                 gc.count:           14,000 counts
                 gc.time:            7,000 ms

Iteration   5: 177,986 ns/op
                 encodedBytes:       12,000 B/op
                 gc.alloc.rate:      4071,262 MB/sec
                 gc.alloc.rate.norm: 760,001 B/op
                 gc.count:           13,000 counts
                 gc.time:            6,000 ms


# Run progress: 71,11% complete, ETA 00:03:33
# Fork: 2 of 3
# Warmup Iteration   1: 186,845 ns/op
# Warmup Iteration   2: 178,269 ns/op
# Warmup Iteration   3: 176,970 ns/op
Iteration   1: 177,567 ns/op
                 encodedBytes:       12,000 B/op
                 gc.alloc.rate:      4081,314 MB/sec
                 gc.alloc.rate.norm: 760,001 B/op
                 gc.count:           13,000 counts
                 gc.time:            7,000 ms

Iteration   2: 177,248 ns/op
                 encodedBytes:       12,000 B/op
                 gc.alloc.rate:      4088,695 MB/sec
                 gc.alloc.rate.norm: 760,001 B/op
                 gc.count:           14,000 counts
                 gc.time:            6,000 ms

Iteration   3: 176,990 ns/op
                 encodedBytes:       12,000 B/op
                 gc.alloc.rate:      4094,659 MB/sec
                 gc.alloc.rate.norm: 760,001 B/op
                 gc.count:           13,000 counts
                 gc.time:            7,000 ms

Iteration   4: 177,704 ns/op
                 encodedBytes:       12,000 B/op
                 gc.alloc.rate:      4078,174 MB/sec
                 gc.alloc.rate.norm: 760,001 B/op
                 gc.count:           14,000 counts
                 gc.time:            7,000 ms

Iteration   5: 177,824 ns/op
                 encodedBytes:       12,000 B/op
                 gc.alloc.rate:      4075,069 MB/sec
                 gc.alloc.rate.norm: 760,001 B/op
                 gc.count:           13,000 counts
                 gc.time:            7,000 ms


# Run progress: 72,22% complete, ETA 00:03:25
# Fork: 3 of 3
# Warmup Iteration   1: 186,906 ns/op
# Warmup Iteration   2: 178,058 ns/op
# Warmup Iteration   3: 178,359 ns/op
Iteration   1: 178,235 ns/op
                 encodedBytes:       12,000 B/op
                 gc.alloc.rate:      4066,038 MB/sec
                 gc.alloc.rate.norm: 760,001 B/op
                 gc.count:           13,000 counts
                 gc.time:            7,000 ms

Iteration   2: 178,297 ns/op
                 encodedBytes:       12,000 B/op
                 gc.alloc.rate:      4064,655 MB/sec
                 gc.alloc.rate.norm: 760,001 B/op
                 gc.count:           14,000 counts
                 gc.time:            7,000 ms

Iteration   3: 177,854 ns/op
                 encodedBytes:       12,000 B/op
                 gc.alloc.rate:      4074,784 MB/sec
                 gc.alloc.rate.norm: 760,001 B/op
                 gc.count:           13,000 counts
                 gc.time:            6,000 ms

Iteration   4: 177,680 ns/op
                 encodedBytes:       12,000 B/op
                 gc.alloc.rate:      4078,766 MB/sec
                 gc.alloc.rate.norm: 760,001 B/op
                 gc.count:           13,000 counts
                 gc.time:            7,000 ms

Iteration   5: 177,365 ns/op
                 encodedBytes:       12,000 B/op
                 gc.alloc.rate:      4085,648 MB/sec
                 gc.alloc.rate.norm: 760,001 B/op
                 gc.count:           14,000 counts
                 gc.time:            7,000 ms



Result "io.grpc.benchmarks.netty.HpackTableSizeBenchmark.encode":
  177,717 ±(99.9%) 0,365 ns/op [Average]
  (min, avg, max) = (176,990, 177,717, 178,297), stdev = 0,341
  CI (99.9%): [177,352, 178,082] (assumes normal distribution)

Secondary result "io.grpc.benchmarks.netty.HpackTableSizeBenchmark.encode:encodedBytes":
  12,000 ±(99.9%) 0,001 B/op [Average]
  (min, avg, max) = (12,000, 12,000, 12,000), stdev = 0,001
  CI (99.9%): [12,000, 12,000] (assumes normal distribution)

Secondary result "io.grpc.benchmarks.netty.HpackTableSizeBenchmark.encode:gc.alloc.rate":
  4077,845 ±(99.9%) 8,392 MB/sec [Average]
  (min, avg, max) = (4064,655, 4077,845, 4094,659), stdev = 7,850
  CI (99.9%): [4069,453, 4086,237] (assumes normal distribution)

Secondary result "io.grpc.benchmarks.netty.HpackTableSizeBenchmark.encode:gc.alloc.rate.norm":
  760,001 ±(99.9%) 0,001 B/op [Average]
  (min, avg, max) = (760,001, 760,001, 760,001), stdev = 0,001
  CI (99.9%): [760,001, 760,001] (assumes normal distribution)

Secondary result "io.grpc.benchmarks.netty.HpackTableSizeBenchmark.encode:gc.count":
  201,000 ±(99.9%) 0,001 counts [Sum]
  (min, avg, max) = (13,000, 13,400, 14,000), stdev = 0,507
  CI (99.9%): [201,000, 201,000] (assumes normal distribution)

Secondary result "io.grpc.benchmarks.netty.HpackTableSizeBenchmark.encode:gc.time":
  102,000 ±(99.9%) 0,001 ms [Sum]
  (min, avg, max) = (6,000, 6,800, 7,000), stdev = 0,414
  CI (99.9%): [102,000, 102,000] (assumes normal distribution)


# JMH version: 1.37
# VM version: JDK 21.0.12, OpenJDK 64-Bit Server VM, 21.0.12
# VM invoker: /opt/homebrew/Cellar/openjdk@21/21.0.12/libexec/openjdk.jdk/Contents/Home/bin/java
# VM options: -Xms512m -Xmx512m -XX:+UseG1GC
# Blackhole mode: compiler (auto-detected, use -Djmh.blackhole.autoDetect=false to disable)
# Warmup: 3 iterations, 1 s each
# Measurement: 5 iterations, 1 s each
# Timeout: 10 min per iteration
# Threads: 1 thread, will synchronize iterations
# Benchmark mode: Average time, time/op
# Benchmark: io.grpc.benchmarks.netty.HpackTableSizeBenchmark.encode
# Parameters: (buckets = 128, peerTableBytes = 1024, workload = MIXED_SHORT)

# Run progress: 73,33% complete, ETA 00:03:17
# Fork: 1 of 3
# Warmup Iteration   1: 1087,761 ns/op
# Warmup Iteration   2: 1036,570 ns/op
# Warmup Iteration   3: 1030,132 ns/op
Iteration   1: 1033,518 ns/op
                 encodedBytes:       601,816 B/op
                 gc.alloc.rate:      2398,883 MB/sec
                 gc.alloc.rate.norm: 2600,007 B/op
                 gc.count:           8,000 counts
                 gc.time:            5,000 ms

Iteration   2: 1030,691 ns/op
                 encodedBytes:       601,816 B/op
                 gc.alloc.rate:      2405,444 MB/sec
                 gc.alloc.rate.norm: 2600,007 B/op
                 gc.count:           8,000 counts
                 gc.time:            4,000 ms

Iteration   3: 1034,169 ns/op
                 encodedBytes:       601,816 B/op
                 gc.alloc.rate:      2397,352 MB/sec
                 gc.alloc.rate.norm: 2600,007 B/op
                 gc.count:           8,000 counts
                 gc.time:            4,000 ms

Iteration   4: 1033,865 ns/op
                 encodedBytes:       601,816 B/op
                 gc.alloc.rate:      2398,077 MB/sec
                 gc.alloc.rate.norm: 2600,007 B/op
                 gc.count:           7,000 counts
                 gc.time:            3,000 ms

Iteration   5: 1034,916 ns/op
                 encodedBytes:       601,816 B/op
                 gc.alloc.rate:      2395,449 MB/sec
                 gc.alloc.rate.norm: 2600,007 B/op
                 gc.count:           8,000 counts
                 gc.time:            5,000 ms


# Run progress: 74,44% complete, ETA 00:03:09
# Fork: 2 of 3
# Warmup Iteration   1: 802,236 ns/op
# Warmup Iteration   2: 755,782 ns/op
# Warmup Iteration   3: 757,798 ns/op
Iteration   1: 756,699 ns/op
                 encodedBytes:       601,816 B/op
                 gc.alloc.rate:      3276,409 MB/sec
                 gc.alloc.rate.norm: 2600,005 B/op
                 gc.count:           11,000 counts
                 gc.time:            6,000 ms

Iteration   2: 757,559 ns/op
                 encodedBytes:       601,816 B/op
                 gc.alloc.rate:      3272,702 MB/sec
                 gc.alloc.rate.norm: 2600,005 B/op
                 gc.count:           11,000 counts
                 gc.time:            6,000 ms

Iteration   3: 754,469 ns/op
                 encodedBytes:       601,816 B/op
                 gc.alloc.rate:      3286,128 MB/sec
                 gc.alloc.rate.norm: 2600,005 B/op
                 gc.count:           11,000 counts
                 gc.time:            5,000 ms

Iteration   4: 754,496 ns/op
                 encodedBytes:       601,816 B/op
                 gc.alloc.rate:      3286,021 MB/sec
                 gc.alloc.rate.norm: 2600,005 B/op
                 gc.count:           10,000 counts
                 gc.time:            5,000 ms

Iteration   5: 757,978 ns/op
                 encodedBytes:       601,816 B/op
                 gc.alloc.rate:      3270,634 MB/sec
                 gc.alloc.rate.norm: 2600,005 B/op
                 gc.count:           11,000 counts
                 gc.time:            6,000 ms


# Run progress: 75,56% complete, ETA 00:03:01
# Fork: 3 of 3
# Warmup Iteration   1: 1092,416 ns/op
# Warmup Iteration   2: 1039,405 ns/op
# Warmup Iteration   3: 1038,790 ns/op
Iteration   1: 1035,726 ns/op
                 encodedBytes:       601,816 B/op
                 gc.alloc.rate:      2393,750 MB/sec
                 gc.alloc.rate.norm: 2600,007 B/op
                 gc.count:           8,000 counts
                 gc.time:            5,000 ms

Iteration   2: 1034,784 ns/op
                 encodedBytes:       601,816 B/op
                 gc.alloc.rate:      2395,914 MB/sec
                 gc.alloc.rate.norm: 2600,007 B/op
                 gc.count:           7,000 counts
                 gc.time:            3,000 ms

Iteration   3: 1039,647 ns/op
                 encodedBytes:       601,816 B/op
                 gc.alloc.rate:      2384,734 MB/sec
                 gc.alloc.rate.norm: 2600,007 B/op
                 gc.count:           8,000 counts
                 gc.time:            5,000 ms

Iteration   4: 1039,920 ns/op
                 encodedBytes:       601,816 B/op
                 gc.alloc.rate:      2384,114 MB/sec
                 gc.alloc.rate.norm: 2600,007 B/op
                 gc.count:           8,000 counts
                 gc.time:            4,000 ms

Iteration   5: 1037,511 ns/op
                 encodedBytes:       601,816 B/op
                 gc.alloc.rate:      2389,451 MB/sec
                 gc.alloc.rate.norm: 2600,007 B/op
                 gc.count:           8,000 counts
                 gc.time:            4,000 ms



Result "io.grpc.benchmarks.netty.HpackTableSizeBenchmark.encode":
  942,397 ±(99.9%) 145,686 ns/op [Average]
  (min, avg, max) = (754,469, 942,397, 1039,920), stdev = 136,275
  CI (99.9%): [796,711, 1088,082] (assumes normal distribution)

Secondary result "io.grpc.benchmarks.netty.HpackTableSizeBenchmark.encode:encodedBytes":
  601,816 ±(99.9%) 0,001 B/op [Average]
  (min, avg, max) = (601,816, 601,816, 601,816), stdev = 0,001
  CI (99.9%): [601,816, 601,816] (assumes normal distribution)

Secondary result "io.grpc.benchmarks.netty.HpackTableSizeBenchmark.encode:gc.alloc.rate":
  2689,004 ±(99.9%) 461,223 MB/sec [Average]
  (min, avg, max) = (2384,114, 2689,004, 3286,128), stdev = 431,428
  CI (99.9%): [2227,781, 3150,227] (assumes normal distribution)

Secondary result "io.grpc.benchmarks.netty.HpackTableSizeBenchmark.encode:gc.alloc.rate.norm":
  2600,007 ±(99.9%) 0,001 B/op [Average]
  (min, avg, max) = (2600,005, 2600,007, 2600,007), stdev = 0,001
  CI (99.9%): [2600,006, 2600,008] (assumes normal distribution)

Secondary result "io.grpc.benchmarks.netty.HpackTableSizeBenchmark.encode:gc.count":
  132,000 ±(99.9%) 0,001 counts [Sum]
  (min, avg, max) = (7,000, 8,800, 11,000), stdev = 1,521
  CI (99.9%): [132,000, 132,000] (assumes normal distribution)

Secondary result "io.grpc.benchmarks.netty.HpackTableSizeBenchmark.encode:gc.time":
  70,000 ±(99.9%) 0,001 ms [Sum]
  (min, avg, max) = (3,000, 4,667, 6,000), stdev = 0,976
  CI (99.9%): [70,000, 70,000] (assumes normal distribution)


# JMH version: 1.37
# VM version: JDK 21.0.12, OpenJDK 64-Bit Server VM, 21.0.12
# VM invoker: /opt/homebrew/Cellar/openjdk@21/21.0.12/libexec/openjdk.jdk/Contents/Home/bin/java
# VM options: -Xms512m -Xmx512m -XX:+UseG1GC
# Blackhole mode: compiler (auto-detected, use -Djmh.blackhole.autoDetect=false to disable)
# Warmup: 3 iterations, 1 s each
# Measurement: 5 iterations, 1 s each
# Timeout: 10 min per iteration
# Threads: 1 thread, will synchronize iterations
# Benchmark mode: Average time, time/op
# Benchmark: io.grpc.benchmarks.netty.HpackTableSizeBenchmark.encode
# Parameters: (buckets = 128, peerTableBytes = 1024, workload = MIXED_LARGE)

# Run progress: 76,67% complete, ETA 00:02:52
# Fork: 1 of 3
# Warmup Iteration   1: 1065,642 ns/op
# Warmup Iteration   2: 1007,513 ns/op
# Warmup Iteration   3: 1010,129 ns/op
Iteration   1: 1008,625 ns/op
                 encodedBytes:       1687,816 B/op
                 gc.alloc.rate:      2458,075 MB/sec
                 gc.alloc.rate.norm: 2600,007 B/op
                 gc.count:           8,000 counts
                 gc.time:            5,000 ms

Iteration   2: 1008,653 ns/op
                 encodedBytes:       1687,816 B/op
                 gc.alloc.rate:      2457,999 MB/sec
                 gc.alloc.rate.norm: 2600,007 B/op
                 gc.count:           8,000 counts
                 gc.time:            4,000 ms

Iteration   3: 1011,185 ns/op
                 encodedBytes:       1687,816 B/op
                 gc.alloc.rate:      2451,825 MB/sec
                 gc.alloc.rate.norm: 2600,007 B/op
                 gc.count:           9,000 counts
                 gc.time:            5,000 ms

Iteration   4: 1008,530 ns/op
                 encodedBytes:       1687,816 B/op
                 gc.alloc.rate:      2458,324 MB/sec
                 gc.alloc.rate.norm: 2600,007 B/op
                 gc.count:           8,000 counts
                 gc.time:            4,000 ms

Iteration   5: 1009,587 ns/op
                 encodedBytes:       1687,816 B/op
                 gc.alloc.rate:      2455,539 MB/sec
                 gc.alloc.rate.norm: 2600,007 B/op
                 gc.count:           8,000 counts
                 gc.time:            4,000 ms


# Run progress: 77,78% complete, ETA 00:02:44
# Fork: 2 of 3
# Warmup Iteration   1: 1064,332 ns/op
# Warmup Iteration   2: 1007,852 ns/op
# Warmup Iteration   3: 1007,865 ns/op
Iteration   1: 1008,159 ns/op
                 encodedBytes:       1687,816 B/op
                 gc.alloc.rate:      2459,217 MB/sec
                 gc.alloc.rate.norm: 2600,007 B/op
                 gc.count:           8,000 counts
                 gc.time:            4,000 ms

Iteration   2: 1010,013 ns/op
                 encodedBytes:       1687,816 B/op
                 gc.alloc.rate:      2454,702 MB/sec
                 gc.alloc.rate.norm: 2600,007 B/op
                 gc.count:           8,000 counts
                 gc.time:            4,000 ms

Iteration   3: 1010,457 ns/op
                 encodedBytes:       1687,816 B/op
                 gc.alloc.rate:      2453,606 MB/sec
                 gc.alloc.rate.norm: 2600,007 B/op
                 gc.count:           9,000 counts
                 gc.time:            5,000 ms

Iteration   4: 1010,810 ns/op
                 encodedBytes:       1687,816 B/op
                 gc.alloc.rate:      2452,757 MB/sec
                 gc.alloc.rate.norm: 2600,007 B/op
                 gc.count:           8,000 counts
                 gc.time:            4,000 ms

Iteration   5: 1011,800 ns/op
                 encodedBytes:       1687,816 B/op
                 gc.alloc.rate:      2450,157 MB/sec
                 gc.alloc.rate.norm: 2600,007 B/op
                 gc.count:           8,000 counts
                 gc.time:            5,000 ms


# Run progress: 78,89% complete, ETA 00:02:36
# Fork: 3 of 3
# Warmup Iteration   1: 1044,580 ns/op
# Warmup Iteration   2: 994,375 ns/op
# Warmup Iteration   3: 993,250 ns/op
Iteration   1: 993,777 ns/op
                 encodedBytes:       1687,816 B/op
                 gc.alloc.rate:      2494,791 MB/sec
                 gc.alloc.rate.norm: 2600,007 B/op
                 gc.count:           8,000 counts
                 gc.time:            4,000 ms

Iteration   2: 992,634 ns/op
                 encodedBytes:       1687,816 B/op
                 gc.alloc.rate:      2497,650 MB/sec
                 gc.alloc.rate.norm: 2600,007 B/op
                 gc.count:           8,000 counts
                 gc.time:            5,000 ms

Iteration   3: 993,492 ns/op
                 encodedBytes:       1687,816 B/op
                 gc.alloc.rate:      2495,534 MB/sec
                 gc.alloc.rate.norm: 2600,007 B/op
                 gc.count:           8,000 counts
                 gc.time:            4,000 ms

Iteration   4: 993,069 ns/op
                 encodedBytes:       1687,816 B/op
                 gc.alloc.rate:      2496,570 MB/sec
                 gc.alloc.rate.norm: 2600,007 B/op
                 gc.count:           9,000 counts
                 gc.time:            5,000 ms

Iteration   5: 992,877 ns/op
                 encodedBytes:       1687,816 B/op
                 gc.alloc.rate:      2496,862 MB/sec
                 gc.alloc.rate.norm: 2600,007 B/op
                 gc.count:           8,000 counts
                 gc.time:            4,000 ms



Result "io.grpc.benchmarks.netty.HpackTableSizeBenchmark.encode":
  1004,245 ±(99.9%) 8,737 ns/op [Average]
  (min, avg, max) = (992,634, 1004,245, 1011,800), stdev = 8,173
  CI (99.9%): [995,507, 1012,982] (assumes normal distribution)

Secondary result "io.grpc.benchmarks.netty.HpackTableSizeBenchmark.encode:encodedBytes":
  1687,816 ±(99.9%) 0,001 B/op [Average]
  (min, avg, max) = (1687,816, 1687,816, 1687,816), stdev = 0,001
  CI (99.9%): [1687,816, 1687,816] (assumes normal distribution)

Secondary result "io.grpc.benchmarks.netty.HpackTableSizeBenchmark.encode:gc.alloc.rate":
  2468,907 ±(99.9%) 21,596 MB/sec [Average]
  (min, avg, max) = (2450,157, 2468,907, 2497,650), stdev = 20,200
  CI (99.9%): [2447,312, 2490,503] (assumes normal distribution)

Secondary result "io.grpc.benchmarks.netty.HpackTableSizeBenchmark.encode:gc.alloc.rate.norm":
  2600,007 ±(99.9%) 0,001 B/op [Average]
  (min, avg, max) = (2600,007, 2600,007, 2600,007), stdev = 0,001
  CI (99.9%): [2600,007, 2600,007] (assumes normal distribution)

Secondary result "io.grpc.benchmarks.netty.HpackTableSizeBenchmark.encode:gc.count":
  123,000 ±(99.9%) 0,001 counts [Sum]
  (min, avg, max) = (8,000, 8,200, 9,000), stdev = 0,414
  CI (99.9%): [123,000, 123,000] (assumes normal distribution)

Secondary result "io.grpc.benchmarks.netty.HpackTableSizeBenchmark.encode:gc.time":
  66,000 ±(99.9%) 0,001 ms [Sum]
  (min, avg, max) = (4,000, 4,400, 5,000), stdev = 0,507
  CI (99.9%): [66,000, 66,000] (assumes normal distribution)


# JMH version: 1.37
# VM version: JDK 21.0.12, OpenJDK 64-Bit Server VM, 21.0.12
# VM invoker: /opt/homebrew/Cellar/openjdk@21/21.0.12/libexec/openjdk.jdk/Contents/Home/bin/java
# VM options: -Xms512m -Xmx512m -XX:+UseG1GC
# Blackhole mode: compiler (auto-detected, use -Djmh.blackhole.autoDetect=false to disable)
# Warmup: 3 iterations, 1 s each
# Measurement: 5 iterations, 1 s each
# Timeout: 10 min per iteration
# Threads: 1 thread, will synchronize iterations
# Benchmark mode: Average time, time/op
# Benchmark: io.grpc.benchmarks.netty.HpackTableSizeBenchmark.encode
# Parameters: (buckets = 128, peerTableBytes = 4096, workload = STABLE)

# Run progress: 80,00% complete, ETA 00:02:28
# Fork: 1 of 3
# Warmup Iteration   1: 186,798 ns/op
# Warmup Iteration   2: 178,547 ns/op
# Warmup Iteration   3: 179,630 ns/op
Iteration   1: 177,812 ns/op
                 encodedBytes:       12,000 B/op
                 gc.alloc.rate:      4075,686 MB/sec
                 gc.alloc.rate.norm: 760,001 B/op
                 gc.count:           13,000 counts
                 gc.time:            7,000 ms

Iteration   2: 177,814 ns/op
                 encodedBytes:       12,000 B/op
                 gc.alloc.rate:      4075,674 MB/sec
                 gc.alloc.rate.norm: 760,001 B/op
                 gc.count:           14,000 counts
                 gc.time:            8,000 ms

Iteration   3: 177,289 ns/op
                 encodedBytes:       12,000 B/op
                 gc.alloc.rate:      4087,731 MB/sec
                 gc.alloc.rate.norm: 760,001 B/op
                 gc.count:           13,000 counts
                 gc.time:            6,000 ms

Iteration   4: 177,336 ns/op
                 encodedBytes:       12,000 B/op
                 gc.alloc.rate:      4086,640 MB/sec
                 gc.alloc.rate.norm: 760,001 B/op
                 gc.count:           14,000 counts
                 gc.time:            7,000 ms

Iteration   5: 177,254 ns/op
                 encodedBytes:       12,000 B/op
                 gc.alloc.rate:      4088,256 MB/sec
                 gc.alloc.rate.norm: 760,001 B/op
                 gc.count:           13,000 counts
                 gc.time:            7,000 ms


# Run progress: 81,11% complete, ETA 00:02:19
# Fork: 2 of 3
# Warmup Iteration   1: 185,498 ns/op
# Warmup Iteration   2: 178,551 ns/op
# Warmup Iteration   3: 178,097 ns/op
Iteration   1: 178,095 ns/op
                 encodedBytes:       12,000 B/op
                 gc.alloc.rate:      4069,234 MB/sec
                 gc.alloc.rate.norm: 760,001 B/op
                 gc.count:           13,000 counts
                 gc.time:            6,000 ms

Iteration   2: 178,143 ns/op
                 encodedBytes:       12,000 B/op
                 gc.alloc.rate:      4068,162 MB/sec
                 gc.alloc.rate.norm: 760,001 B/op
                 gc.count:           14,000 counts
                 gc.time:            7,000 ms

Iteration   3: 178,237 ns/op
                 encodedBytes:       12,000 B/op
                 gc.alloc.rate:      4066,008 MB/sec
                 gc.alloc.rate.norm: 760,001 B/op
                 gc.count:           13,000 counts
                 gc.time:            7,000 ms

Iteration   4: 178,297 ns/op
                 encodedBytes:       12,000 B/op
                 gc.alloc.rate:      4064,642 MB/sec
                 gc.alloc.rate.norm: 760,001 B/op
                 gc.count:           14,000 counts
                 gc.time:            7,000 ms

Iteration   5: 178,501 ns/op
                 encodedBytes:       12,000 B/op
                 gc.alloc.rate:      4059,594 MB/sec
                 gc.alloc.rate.norm: 760,001 B/op
                 gc.count:           13,000 counts
                 gc.time:            6,000 ms


# Run progress: 82,22% complete, ETA 00:02:11
# Fork: 3 of 3
# Warmup Iteration   1: 186,759 ns/op
# Warmup Iteration   2: 178,527 ns/op
# Warmup Iteration   3: 178,051 ns/op
Iteration   1: 178,361 ns/op
                 encodedBytes:       12,000 B/op
                 gc.alloc.rate:      4063,075 MB/sec
                 gc.alloc.rate.norm: 760,001 B/op
                 gc.count:           14,000 counts
                 gc.time:            7,000 ms

Iteration   2: 178,135 ns/op
                 encodedBytes:       12,000 B/op
                 gc.alloc.rate:      4068,299 MB/sec
                 gc.alloc.rate.norm: 760,001 B/op
                 gc.count:           13,000 counts
                 gc.time:            7,000 ms

Iteration   3: 177,750 ns/op
                 encodedBytes:       12,000 B/op
                 gc.alloc.rate:      4077,089 MB/sec
                 gc.alloc.rate.norm: 760,001 B/op
                 gc.count:           13,000 counts
                 gc.time:            6,000 ms

Iteration   4: 177,799 ns/op
                 encodedBytes:       12,000 B/op
                 gc.alloc.rate:      4076,035 MB/sec
                 gc.alloc.rate.norm: 760,001 B/op
                 gc.count:           14,000 counts
                 gc.time:            7,000 ms

Iteration   5: 178,034 ns/op
                 encodedBytes:       12,000 B/op
                 gc.alloc.rate:      4070,290 MB/sec
                 gc.alloc.rate.norm: 760,001 B/op
                 gc.count:           13,000 counts
                 gc.time:            7,000 ms



Result "io.grpc.benchmarks.netty.HpackTableSizeBenchmark.encode":
  177,924 ±(99.9%) 0,420 ns/op [Average]
  (min, avg, max) = (177,254, 177,924, 178,501), stdev = 0,393
  CI (99.9%): [177,504, 178,344] (assumes normal distribution)

Secondary result "io.grpc.benchmarks.netty.HpackTableSizeBenchmark.encode:encodedBytes":
  12,000 ±(99.9%) 0,001 B/op [Average]
  (min, avg, max) = (12,000, 12,000, 12,000), stdev = 0,001
  CI (99.9%): [12,000, 12,000] (assumes normal distribution)

Secondary result "io.grpc.benchmarks.netty.HpackTableSizeBenchmark.encode:gc.alloc.rate":
  4073,094 ±(99.9%) 9,647 MB/sec [Average]
  (min, avg, max) = (4059,594, 4073,094, 4088,256), stdev = 9,024
  CI (99.9%): [4063,448, 4082,741] (assumes normal distribution)

Secondary result "io.grpc.benchmarks.netty.HpackTableSizeBenchmark.encode:gc.alloc.rate.norm":
  760,001 ±(99.9%) 0,001 B/op [Average]
  (min, avg, max) = (760,001, 760,001, 760,001), stdev = 0,001
  CI (99.9%): [760,001, 760,001] (assumes normal distribution)

Secondary result "io.grpc.benchmarks.netty.HpackTableSizeBenchmark.encode:gc.count":
  201,000 ±(99.9%) 0,001 counts [Sum]
  (min, avg, max) = (13,000, 13,400, 14,000), stdev = 0,507
  CI (99.9%): [201,000, 201,000] (assumes normal distribution)

Secondary result "io.grpc.benchmarks.netty.HpackTableSizeBenchmark.encode:gc.time":
  102,000 ±(99.9%) 0,001 ms [Sum]
  (min, avg, max) = (6,000, 6,800, 8,000), stdev = 0,561
  CI (99.9%): [102,000, 102,000] (assumes normal distribution)


# JMH version: 1.37
# VM version: JDK 21.0.12, OpenJDK 64-Bit Server VM, 21.0.12
# VM invoker: /opt/homebrew/Cellar/openjdk@21/21.0.12/libexec/openjdk.jdk/Contents/Home/bin/java
# VM options: -Xms512m -Xmx512m -XX:+UseG1GC
# Blackhole mode: compiler (auto-detected, use -Djmh.blackhole.autoDetect=false to disable)
# Warmup: 3 iterations, 1 s each
# Measurement: 5 iterations, 1 s each
# Timeout: 10 min per iteration
# Threads: 1 thread, will synchronize iterations
# Benchmark mode: Average time, time/op
# Benchmark: io.grpc.benchmarks.netty.HpackTableSizeBenchmark.encode
# Parameters: (buckets = 128, peerTableBytes = 4096, workload = MIXED_SHORT)

# Run progress: 83,33% complete, ETA 00:02:03
# Fork: 1 of 3
# Warmup Iteration   1: 952,311 ns/op
# Warmup Iteration   2: 891,538 ns/op
# Warmup Iteration   3: 883,460 ns/op
Iteration   1: 884,147 ns/op
                 encodedBytes:       276,618 B/op
                 gc.alloc.rate:      1837,485 MB/sec
                 gc.alloc.rate.norm: 1703,718 B/op
                 gc.count:           6,000 counts
                 gc.time:            3,000 ms

Iteration   2: 885,494 ns/op
                 encodedBytes:       276,617 B/op
                 gc.alloc.rate:      1834,682 MB/sec
                 gc.alloc.rate.norm: 1703,717 B/op
                 gc.count:           6,000 counts
                 gc.time:            3,000 ms

Iteration   3: 884,640 ns/op
                 encodedBytes:       276,617 B/op
                 gc.alloc.rate:      1836,470 MB/sec
                 gc.alloc.rate.norm: 1703,717 B/op
                 gc.count:           6,000 counts
                 gc.time:            4,000 ms

Iteration   4: 883,998 ns/op
                 encodedBytes:       276,617 B/op
                 gc.alloc.rate:      1837,790 MB/sec
                 gc.alloc.rate.norm: 1703,717 B/op
                 gc.count:           6,000 counts
                 gc.time:            3,000 ms

Iteration   5: 880,480 ns/op
                 encodedBytes:       276,617 B/op
                 gc.alloc.rate:      1844,977 MB/sec
                 gc.alloc.rate.norm: 1703,717 B/op
                 gc.count:           6,000 counts
                 gc.time:            3,000 ms


# Run progress: 84,44% complete, ETA 00:01:55
# Fork: 2 of 3
# Warmup Iteration   1: 938,539 ns/op
# Warmup Iteration   2: 884,811 ns/op
# Warmup Iteration   3: 879,407 ns/op
Iteration   1: 880,970 ns/op
                 encodedBytes:       276,617 B/op
                 gc.alloc.rate:      1844,109 MB/sec
                 gc.alloc.rate.norm: 1703,717 B/op
                 gc.count:           6,000 counts
                 gc.time:            3,000 ms

Iteration   2: 884,845 ns/op
                 encodedBytes:       276,618 B/op
                 gc.alloc.rate:      1836,018 MB/sec
                 gc.alloc.rate.norm: 1703,717 B/op
                 gc.count:           6,000 counts
                 gc.time:            4,000 ms

Iteration   3: 883,203 ns/op
                 encodedBytes:       276,617 B/op
                 gc.alloc.rate:      1839,450 MB/sec
                 gc.alloc.rate.norm: 1703,718 B/op
                 gc.count:           6,000 counts
                 gc.time:            3,000 ms

Iteration   4: 879,789 ns/op
                 encodedBytes:       276,617 B/op
                 gc.alloc.rate:      1846,584 MB/sec
                 gc.alloc.rate.norm: 1703,717 B/op
                 gc.count:           6,000 counts
                 gc.time:            3,000 ms

Iteration   5: 882,556 ns/op
                 encodedBytes:       276,618 B/op
                 gc.alloc.rate:      1840,647 MB/sec
                 gc.alloc.rate.norm: 1703,717 B/op
                 gc.count:           7,000 counts
                 gc.time:            4,000 ms


# Run progress: 85,56% complete, ETA 00:01:46
# Fork: 3 of 3
# Warmup Iteration   1: 952,474 ns/op
# Warmup Iteration   2: 892,870 ns/op
# Warmup Iteration   3: 887,360 ns/op
Iteration   1: 888,036 ns/op
                 encodedBytes:       276,618 B/op
                 gc.alloc.rate:      1829,430 MB/sec
                 gc.alloc.rate.norm: 1703,717 B/op
                 gc.count:           6,000 counts
                 gc.time:            3,000 ms

Iteration   2: 886,799 ns/op
                 encodedBytes:       276,617 B/op
                 gc.alloc.rate:      1831,987 MB/sec
                 gc.alloc.rate.norm: 1703,717 B/op
                 gc.count:           6,000 counts
                 gc.time:            4,000 ms

Iteration   3: 884,870 ns/op
                 encodedBytes:       276,617 B/op
                 gc.alloc.rate:      1835,981 MB/sec
                 gc.alloc.rate.norm: 1703,717 B/op
                 gc.count:           6,000 counts
                 gc.time:            3,000 ms

Iteration   4: 886,030 ns/op
                 encodedBytes:       276,618 B/op
                 gc.alloc.rate:      1833,594 MB/sec
                 gc.alloc.rate.norm: 1703,718 B/op
                 gc.count:           6,000 counts
                 gc.time:            3,000 ms

Iteration   5: 884,828 ns/op
                 encodedBytes:       276,617 B/op
                 gc.alloc.rate:      1835,933 MB/sec
                 gc.alloc.rate.norm: 1703,717 B/op
                 gc.count:           6,000 counts
                 gc.time:            3,000 ms



Result "io.grpc.benchmarks.netty.HpackTableSizeBenchmark.encode":
  884,046 ±(99.9%) 2,475 ns/op [Average]
  (min, avg, max) = (879,789, 884,046, 888,036), stdev = 2,315
  CI (99.9%): [881,570, 886,521] (assumes normal distribution)

Secondary result "io.grpc.benchmarks.netty.HpackTableSizeBenchmark.encode:encodedBytes":
  276,617 ±(99.9%) 0,001 B/op [Average]
  (min, avg, max) = (276,617, 276,617, 276,618), stdev = 0,001
  CI (99.9%): [276,617, 276,618] (assumes normal distribution)

Secondary result "io.grpc.benchmarks.netty.HpackTableSizeBenchmark.encode:gc.alloc.rate":
  1837,676 ±(99.9%) 5,128 MB/sec [Average]
  (min, avg, max) = (1829,430, 1837,676, 1846,584), stdev = 4,797
  CI (99.9%): [1832,548, 1842,804] (assumes normal distribution)

Secondary result "io.grpc.benchmarks.netty.HpackTableSizeBenchmark.encode:gc.alloc.rate.norm":
  1703,717 ±(99.9%) 0,001 B/op [Average]
  (min, avg, max) = (1703,717, 1703,717, 1703,718), stdev = 0,001
  CI (99.9%): [1703,717, 1703,718] (assumes normal distribution)

Secondary result "io.grpc.benchmarks.netty.HpackTableSizeBenchmark.encode:gc.count":
  91,000 ±(99.9%) 0,001 counts [Sum]
  (min, avg, max) = (6,000, 6,067, 7,000), stdev = 0,258
  CI (99.9%): [91,000, 91,000] (assumes normal distribution)

Secondary result "io.grpc.benchmarks.netty.HpackTableSizeBenchmark.encode:gc.time":
  49,000 ±(99.9%) 0,001 ms [Sum]
  (min, avg, max) = (3,000, 3,267, 4,000), stdev = 0,458
  CI (99.9%): [49,000, 49,000] (assumes normal distribution)


# JMH version: 1.37
# VM version: JDK 21.0.12, OpenJDK 64-Bit Server VM, 21.0.12
# VM invoker: /opt/homebrew/Cellar/openjdk@21/21.0.12/libexec/openjdk.jdk/Contents/Home/bin/java
# VM options: -Xms512m -Xmx512m -XX:+UseG1GC
# Blackhole mode: compiler (auto-detected, use -Djmh.blackhole.autoDetect=false to disable)
# Warmup: 3 iterations, 1 s each
# Measurement: 5 iterations, 1 s each
# Timeout: 10 min per iteration
# Threads: 1 thread, will synchronize iterations
# Benchmark mode: Average time, time/op
# Benchmark: io.grpc.benchmarks.netty.HpackTableSizeBenchmark.encode
# Parameters: (buckets = 128, peerTableBytes = 4096, workload = MIXED_LARGE)

# Run progress: 86,67% complete, ETA 00:01:38
# Fork: 1 of 3
# Warmup Iteration   1: 1236,822 ns/op
# Warmup Iteration   2: 1169,195 ns/op
# Warmup Iteration   3: 1162,953 ns/op
Iteration   1: 1160,798 ns/op
                 encodedBytes:       1428,948 B/op
                 gc.alloc.rate:      1597,213 MB/sec
                 gc.alloc.rate.norm: 1944,328 B/op
                 gc.count:           5,000 counts
                 gc.time:            2,000 ms

Iteration   2: 1159,978 ns/op
                 encodedBytes:       1428,950 B/op
                 gc.alloc.rate:      1598,348 MB/sec
                 gc.alloc.rate.norm: 1944,332 B/op
                 gc.count:           5,000 counts
                 gc.time:            3,000 ms

Iteration   3: 1162,953 ns/op
                 encodedBytes:       1428,949 B/op
                 gc.alloc.rate:      1594,237 MB/sec
                 gc.alloc.rate.norm: 1944,331 B/op
                 gc.count:           6,000 counts
                 gc.time:            3,000 ms

Iteration   4: 1156,833 ns/op
                 encodedBytes:       1428,949 B/op
                 gc.alloc.rate:      1602,698 MB/sec
                 gc.alloc.rate.norm: 1944,330 B/op
                 gc.count:           5,000 counts
                 gc.time:            3,000 ms

Iteration   5: 1159,035 ns/op
                 encodedBytes:       1428,948 B/op
                 gc.alloc.rate:      1599,554 MB/sec
                 gc.alloc.rate.norm: 1944,328 B/op
                 gc.count:           5,000 counts
                 gc.time:            2,000 ms


# Run progress: 87,78% complete, ETA 00:01:30
# Fork: 2 of 3
# Warmup Iteration   1: 1247,119 ns/op
# Warmup Iteration   2: 1173,443 ns/op
# Warmup Iteration   3: 1168,565 ns/op
Iteration   1: 1166,802 ns/op
                 encodedBytes:       1428,948 B/op
                 gc.alloc.rate:      1588,993 MB/sec
                 gc.alloc.rate.norm: 1944,329 B/op
                 gc.count:           5,000 counts
                 gc.time:            3,000 ms

Iteration   2: 1168,153 ns/op
                 encodedBytes:       1428,949 B/op
                 gc.alloc.rate:      1587,162 MB/sec
                 gc.alloc.rate.norm: 1944,332 B/op
                 gc.count:           5,000 counts
                 gc.time:            3,000 ms

Iteration   3: 1165,683 ns/op
                 encodedBytes:       1428,948 B/op
                 gc.alloc.rate:      1590,517 MB/sec
                 gc.alloc.rate.norm: 1944,328 B/op
                 gc.count:           5,000 counts
                 gc.time:            2,000 ms

Iteration   4: 1167,870 ns/op
                 encodedBytes:       1428,949 B/op
                 gc.alloc.rate:      1587,538 MB/sec
                 gc.alloc.rate.norm: 1944,331 B/op
                 gc.count:           6,000 counts
                 gc.time:            4,000 ms

Iteration   5: 1162,747 ns/op
                 encodedBytes:       1428,950 B/op
                 gc.alloc.rate:      1594,411 MB/sec
                 gc.alloc.rate.norm: 1944,335 B/op
                 gc.count:           5,000 counts
                 gc.time:            2,000 ms


# Run progress: 88,89% complete, ETA 00:01:22
# Fork: 3 of 3
# Warmup Iteration   1: 1234,932 ns/op
# Warmup Iteration   2: 1174,461 ns/op
# Warmup Iteration   3: 1164,802 ns/op
Iteration   1: 1166,563 ns/op
                 encodedBytes:       1428,949 B/op
                 gc.alloc.rate:      1589,327 MB/sec
                 gc.alloc.rate.norm: 1944,331 B/op
                 gc.count:           5,000 counts
                 gc.time:            3,000 ms

Iteration   2: 1164,344 ns/op
                 encodedBytes:       1428,949 B/op
                 gc.alloc.rate:      1592,327 MB/sec
                 gc.alloc.rate.norm: 1944,329 B/op
                 gc.count:           5,000 counts
                 gc.time:            3,000 ms

Iteration   3: 1165,866 ns/op
                 encodedBytes:       1428,949 B/op
                 gc.alloc.rate:      1590,280 MB/sec
                 gc.alloc.rate.norm: 1944,332 B/op
                 gc.count:           6,000 counts
                 gc.time:            3,000 ms

Iteration   4: 1163,081 ns/op
                 encodedBytes:       1428,949 B/op
                 gc.alloc.rate:      1594,087 MB/sec
                 gc.alloc.rate.norm: 1944,331 B/op
                 gc.count:           5,000 counts
                 gc.time:            2,000 ms

Iteration   5: 1166,081 ns/op
                 encodedBytes:       1428,947 B/op
                 gc.alloc.rate:      1589,849 MB/sec
                 gc.alloc.rate.norm: 1944,325 B/op
                 gc.count:           5,000 counts
                 gc.time:            3,000 ms



Result "io.grpc.benchmarks.netty.HpackTableSizeBenchmark.encode":
  1163,786 ±(99.9%) 3,644 ns/op [Average]
  (min, avg, max) = (1156,833, 1163,786, 1168,153), stdev = 3,409
  CI (99.9%): [1160,142, 1167,430] (assumes normal distribution)

Secondary result "io.grpc.benchmarks.netty.HpackTableSizeBenchmark.encode:encodedBytes":
  1428,949 ±(99.9%) 0,001 B/op [Average]
  (min, avg, max) = (1428,947, 1428,949, 1428,950), stdev = 0,001
  CI (99.9%): [1428,948, 1428,950] (assumes normal distribution)

Secondary result "io.grpc.benchmarks.netty.HpackTableSizeBenchmark.encode:gc.alloc.rate":
  1593,103 ±(99.9%) 4,992 MB/sec [Average]
  (min, avg, max) = (1587,162, 1593,103, 1602,698), stdev = 4,670
  CI (99.9%): [1588,110, 1598,095] (assumes normal distribution)

Secondary result "io.grpc.benchmarks.netty.HpackTableSizeBenchmark.encode:gc.alloc.rate.norm":
  1944,330 ±(99.9%) 0,002 B/op [Average]
  (min, avg, max) = (1944,325, 1944,330, 1944,335), stdev = 0,002
  CI (99.9%): [1944,328, 1944,333] (assumes normal distribution)

Secondary result "io.grpc.benchmarks.netty.HpackTableSizeBenchmark.encode:gc.count":
  78,000 ±(99.9%) 0,001 counts [Sum]
  (min, avg, max) = (5,000, 5,200, 6,000), stdev = 0,414
  CI (99.9%): [78,000, 78,000] (assumes normal distribution)

Secondary result "io.grpc.benchmarks.netty.HpackTableSizeBenchmark.encode:gc.time":
  41,000 ±(99.9%) 0,001 ms [Sum]
  (min, avg, max) = (2,000, 2,733, 4,000), stdev = 0,594
  CI (99.9%): [41,000, 41,000] (assumes normal distribution)


# JMH version: 1.37
# VM version: JDK 21.0.12, OpenJDK 64-Bit Server VM, 21.0.12
# VM invoker: /opt/homebrew/Cellar/openjdk@21/21.0.12/libexec/openjdk.jdk/Contents/Home/bin/java
# VM options: -Xms512m -Xmx512m -XX:+UseG1GC
# Blackhole mode: compiler (auto-detected, use -Djmh.blackhole.autoDetect=false to disable)
# Warmup: 3 iterations, 1 s each
# Measurement: 5 iterations, 1 s each
# Timeout: 10 min per iteration
# Threads: 1 thread, will synchronize iterations
# Benchmark mode: Average time, time/op
# Benchmark: io.grpc.benchmarks.netty.HpackTableSizeBenchmark.encode
# Parameters: (buckets = 128, peerTableBytes = 8192, workload = STABLE)

# Run progress: 90,00% complete, ETA 00:01:14
# Fork: 1 of 3
# Warmup Iteration   1: 185,667 ns/op
# Warmup Iteration   2: 176,647 ns/op
# Warmup Iteration   3: 176,474 ns/op
Iteration   1: 176,829 ns/op
                 encodedBytes:       12,000 B/op
                 gc.alloc.rate:      4098,338 MB/sec
                 gc.alloc.rate.norm: 760,001 B/op
                 gc.count:           14,000 counts
                 gc.time:            7,000 ms

Iteration   2: 176,912 ns/op
                 encodedBytes:       12,000 B/op
                 gc.alloc.rate:      4096,451 MB/sec
                 gc.alloc.rate.norm: 760,001 B/op
                 gc.count:           13,000 counts
                 gc.time:            7,000 ms

Iteration   3: 176,890 ns/op
                 encodedBytes:       12,000 B/op
                 gc.alloc.rate:      4096,971 MB/sec
                 gc.alloc.rate.norm: 760,001 B/op
                 gc.count:           14,000 counts
                 gc.time:            7,000 ms

Iteration   4: 176,929 ns/op
                 encodedBytes:       12,000 B/op
                 gc.alloc.rate:      4096,088 MB/sec
                 gc.alloc.rate.norm: 760,001 B/op
                 gc.count:           13,000 counts
                 gc.time:            7,000 ms

Iteration   5: 176,960 ns/op
                 encodedBytes:       12,000 B/op
                 gc.alloc.rate:      4094,982 MB/sec
                 gc.alloc.rate.norm: 760,001 B/op
                 gc.count:           14,000 counts
                 gc.time:            7,000 ms


# Run progress: 91,11% complete, ETA 00:01:05
# Fork: 2 of 3
# Warmup Iteration   1: 186,140 ns/op
# Warmup Iteration   2: 177,359 ns/op
# Warmup Iteration   3: 176,970 ns/op
Iteration   1: 177,049 ns/op
                 encodedBytes:       12,000 B/op
                 gc.alloc.rate:      4093,300 MB/sec
                 gc.alloc.rate.norm: 760,001 B/op
                 gc.count:           14,000 counts
                 gc.time:            7,000 ms

Iteration   2: 177,114 ns/op
                 encodedBytes:       12,000 B/op
                 gc.alloc.rate:      4091,754 MB/sec
                 gc.alloc.rate.norm: 760,001 B/op
                 gc.count:           13,000 counts
                 gc.time:            7,000 ms

Iteration   3: 176,998 ns/op
                 encodedBytes:       12,000 B/op
                 gc.alloc.rate:      4094,434 MB/sec
                 gc.alloc.rate.norm: 760,001 B/op
                 gc.count:           14,000 counts
                 gc.time:            7,000 ms

Iteration   4: 176,310 ns/op
                 encodedBytes:       12,000 B/op
                 gc.alloc.rate:      4110,455 MB/sec
                 gc.alloc.rate.norm: 760,001 B/op
                 gc.count:           13,000 counts
                 gc.time:            6,000 ms

Iteration   5: 176,417 ns/op
                 encodedBytes:       12,000 B/op
                 gc.alloc.rate:      4107,597 MB/sec
                 gc.alloc.rate.norm: 760,001 B/op
                 gc.count:           14,000 counts
                 gc.time:            7,000 ms


# Run progress: 92,22% complete, ETA 00:00:57
# Fork: 3 of 3
# Warmup Iteration   1: 185,721 ns/op
# Warmup Iteration   2: 178,065 ns/op
# Warmup Iteration   3: 178,098 ns/op
Iteration   1: 178,040 ns/op
                 encodedBytes:       12,000 B/op
                 gc.alloc.rate:      4070,502 MB/sec
                 gc.alloc.rate.norm: 760,001 B/op
                 gc.count:           14,000 counts
                 gc.time:            8,000 ms

Iteration   2: 177,083 ns/op
                 encodedBytes:       12,000 B/op
                 gc.alloc.rate:      4092,495 MB/sec
                 gc.alloc.rate.norm: 760,001 B/op
                 gc.count:           13,000 counts
                 gc.time:            6,000 ms

Iteration   3: 177,544 ns/op
                 encodedBytes:       12,000 B/op
                 gc.alloc.rate:      4081,862 MB/sec
                 gc.alloc.rate.norm: 760,001 B/op
                 gc.count:           13,000 counts
                 gc.time:            6,000 ms

Iteration   4: 177,871 ns/op
                 encodedBytes:       12,000 B/op
                 gc.alloc.rate:      4074,369 MB/sec
                 gc.alloc.rate.norm: 760,001 B/op
                 gc.count:           14,000 counts
                 gc.time:            8,000 ms

Iteration   5: 177,632 ns/op
                 encodedBytes:       12,000 B/op
                 gc.alloc.rate:      4079,525 MB/sec
                 gc.alloc.rate.norm: 760,001 B/op
                 gc.count:           13,000 counts
                 gc.time:            6,000 ms



Result "io.grpc.benchmarks.netty.HpackTableSizeBenchmark.encode":
  177,105 ±(99.9%) 0,516 ns/op [Average]
  (min, avg, max) = (176,310, 177,105, 178,040), stdev = 0,483
  CI (99.9%): [176,589, 177,621] (assumes normal distribution)

Secondary result "io.grpc.benchmarks.netty.HpackTableSizeBenchmark.encode:encodedBytes":
  12,000 ±(99.9%) 0,001 B/op [Average]
  (min, avg, max) = (12,000, 12,000, 12,000), stdev = 0,001
  CI (99.9%): [12,000, 12,000] (assumes normal distribution)

Secondary result "io.grpc.benchmarks.netty.HpackTableSizeBenchmark.encode:gc.alloc.rate":
  4091,941 ±(99.9%) 11,896 MB/sec [Average]
  (min, avg, max) = (4070,502, 4091,941, 4110,455), stdev = 11,127
  CI (99.9%): [4080,046, 4103,837] (assumes normal distribution)

Secondary result "io.grpc.benchmarks.netty.HpackTableSizeBenchmark.encode:gc.alloc.rate.norm":
  760,001 ±(99.9%) 0,001 B/op [Average]
  (min, avg, max) = (760,001, 760,001, 760,001), stdev = 0,001
  CI (99.9%): [760,001, 760,001] (assumes normal distribution)

Secondary result "io.grpc.benchmarks.netty.HpackTableSizeBenchmark.encode:gc.count":
  203,000 ±(99.9%) 0,001 counts [Sum]
  (min, avg, max) = (13,000, 13,533, 14,000), stdev = 0,516
  CI (99.9%): [203,000, 203,000] (assumes normal distribution)

Secondary result "io.grpc.benchmarks.netty.HpackTableSizeBenchmark.encode:gc.time":
  103,000 ±(99.9%) 0,001 ms [Sum]
  (min, avg, max) = (6,000, 6,867, 8,000), stdev = 0,640
  CI (99.9%): [103,000, 103,000] (assumes normal distribution)


# JMH version: 1.37
# VM version: JDK 21.0.12, OpenJDK 64-Bit Server VM, 21.0.12
# VM invoker: /opt/homebrew/Cellar/openjdk@21/21.0.12/libexec/openjdk.jdk/Contents/Home/bin/java
# VM options: -Xms512m -Xmx512m -XX:+UseG1GC
# Blackhole mode: compiler (auto-detected, use -Djmh.blackhole.autoDetect=false to disable)
# Warmup: 3 iterations, 1 s each
# Measurement: 5 iterations, 1 s each
# Timeout: 10 min per iteration
# Threads: 1 thread, will synchronize iterations
# Benchmark mode: Average time, time/op
# Benchmark: io.grpc.benchmarks.netty.HpackTableSizeBenchmark.encode
# Parameters: (buckets = 128, peerTableBytes = 8192, workload = MIXED_SHORT)

# Run progress: 93,33% complete, ETA 00:00:49
# Fork: 1 of 3
# Warmup Iteration   1: 959,560 ns/op
# Warmup Iteration   2: 919,243 ns/op
# Warmup Iteration   3: 899,347 ns/op
Iteration   1: 900,013 ns/op
                 encodedBytes:       257,811 B/op
                 gc.alloc.rate:      1699,706 MB/sec
                 gc.alloc.rate.norm: 1604,252 B/op
                 gc.count:           5,000 counts
                 gc.time:            2,000 ms

Iteration   2: 902,471 ns/op
                 encodedBytes:       257,811 B/op
                 gc.alloc.rate:      1695,058 MB/sec
                 gc.alloc.rate.norm: 1604,253 B/op
                 gc.count:           6,000 counts
                 gc.time:            4,000 ms

Iteration   3: 901,120 ns/op
                 encodedBytes:       257,811 B/op
                 gc.alloc.rate:      1697,616 MB/sec
                 gc.alloc.rate.norm: 1604,252 B/op
                 gc.count:           6,000 counts
                 gc.time:            3,000 ms

Iteration   4: 894,548 ns/op
                 encodedBytes:       257,811 B/op
                 gc.alloc.rate:      1710,092 MB/sec
                 gc.alloc.rate.norm: 1604,253 B/op
                 gc.count:           5,000 counts
                 gc.time:            2,000 ms

Iteration   5: 893,394 ns/op
                 encodedBytes:       257,811 B/op
                 gc.alloc.rate:      1712,151 MB/sec
                 gc.alloc.rate.norm: 1604,252 B/op
                 gc.count:           6,000 counts
                 gc.time:            3,000 ms


# Run progress: 94,44% complete, ETA 00:00:41
# Fork: 2 of 3
# Warmup Iteration   1: 964,322 ns/op
# Warmup Iteration   2: 911,368 ns/op
# Warmup Iteration   3: 909,925 ns/op
Iteration   1: 911,358 ns/op
                 encodedBytes:       257,811 B/op
                 gc.alloc.rate:      1678,539 MB/sec
                 gc.alloc.rate.norm: 1604,253 B/op
                 gc.count:           5,000 counts
                 gc.time:            3,000 ms

Iteration   2: 943,224 ns/op
                 encodedBytes:       257,810 B/op
                 gc.alloc.rate:      1621,825 MB/sec
                 gc.alloc.rate.norm: 1604,253 B/op
                 gc.count:           6,000 counts
                 gc.time:            3,000 ms

Iteration   3: 920,706 ns/op
                 encodedBytes:       257,811 B/op
                 gc.alloc.rate:      1661,512 MB/sec
                 gc.alloc.rate.norm: 1604,252 B/op
                 gc.count:           5,000 counts
                 gc.time:            3,000 ms

Iteration   4: 912,256 ns/op
                 encodedBytes:       257,811 B/op
                 gc.alloc.rate:      1676,900 MB/sec
                 gc.alloc.rate.norm: 1604,253 B/op
                 gc.count:           6,000 counts
                 gc.time:            3,000 ms

Iteration   5: 908,145 ns/op
                 encodedBytes:       257,811 B/op
                 gc.alloc.rate:      1684,341 MB/sec
                 gc.alloc.rate.norm: 1604,253 B/op
                 gc.count:           5,000 counts
                 gc.time:            3,000 ms


# Run progress: 95,56% complete, ETA 00:00:32
# Fork: 3 of 3
# Warmup Iteration   1: 963,174 ns/op
# Warmup Iteration   2: 903,385 ns/op
# Warmup Iteration   3: 900,393 ns/op
Iteration   1: 901,761 ns/op
                 encodedBytes:       257,811 B/op
                 gc.alloc.rate:      1696,421 MB/sec
                 gc.alloc.rate.norm: 1604,253 B/op
                 gc.count:           5,000 counts
                 gc.time:            2,000 ms

Iteration   2: 930,395 ns/op
                 encodedBytes:       257,811 B/op
                 gc.alloc.rate:      1644,194 MB/sec
                 gc.alloc.rate.norm: 1604,252 B/op
                 gc.count:           6,000 counts
                 gc.time:            3,000 ms

Iteration   3: 901,103 ns/op
                 encodedBytes:       257,811 B/op
                 gc.alloc.rate:      1697,638 MB/sec
                 gc.alloc.rate.norm: 1604,253 B/op
                 gc.count:           5,000 counts
                 gc.time:            3,000 ms

Iteration   4: 900,369 ns/op
                 encodedBytes:       257,811 B/op
                 gc.alloc.rate:      1699,048 MB/sec
                 gc.alloc.rate.norm: 1604,252 B/op
                 gc.count:           6,000 counts
                 gc.time:            3,000 ms

Iteration   5: 897,797 ns/op
                 encodedBytes:       257,811 B/op
                 gc.alloc.rate:      1703,757 MB/sec
                 gc.alloc.rate.norm: 1604,253 B/op
                 gc.count:           6,000 counts
                 gc.time:            3,000 ms



Result "io.grpc.benchmarks.netty.HpackTableSizeBenchmark.encode":
  907,911 ±(99.9%) 14,895 ns/op [Average]
  (min, avg, max) = (893,394, 907,911, 943,224), stdev = 13,933
  CI (99.9%): [893,015, 922,806] (assumes normal distribution)

Secondary result "io.grpc.benchmarks.netty.HpackTableSizeBenchmark.encode:encodedBytes":
  257,811 ±(99.9%) 0,001 B/op [Average]
  (min, avg, max) = (257,810, 257,811, 257,811), stdev = 0,001
  CI (99.9%): [257,810, 257,811] (assumes normal distribution)

Secondary result "io.grpc.benchmarks.netty.HpackTableSizeBenchmark.encode:gc.alloc.rate":
  1685,253 ±(99.9%) 27,102 MB/sec [Average]
  (min, avg, max) = (1621,825, 1685,253, 1712,151), stdev = 25,351
  CI (99.9%): [1658,151, 1712,355] (assumes normal distribution)

Secondary result "io.grpc.benchmarks.netty.HpackTableSizeBenchmark.encode:gc.alloc.rate.norm":
  1604,253 ±(99.9%) 0,001 B/op [Average]
  (min, avg, max) = (1604,252, 1604,253, 1604,253), stdev = 0,001
  CI (99.9%): [1604,252, 1604,253] (assumes normal distribution)

Secondary result "io.grpc.benchmarks.netty.HpackTableSizeBenchmark.encode:gc.count":
  83,000 ±(99.9%) 0,001 counts [Sum]
  (min, avg, max) = (5,000, 5,533, 6,000), stdev = 0,516
  CI (99.9%): [83,000, 83,000] (assumes normal distribution)

Secondary result "io.grpc.benchmarks.netty.HpackTableSizeBenchmark.encode:gc.time":
  43,000 ±(99.9%) 0,001 ms [Sum]
  (min, avg, max) = (2,000, 2,867, 4,000), stdev = 0,516
  CI (99.9%): [43,000, 43,000] (assumes normal distribution)


# JMH version: 1.37
# VM version: JDK 21.0.12, OpenJDK 64-Bit Server VM, 21.0.12
# VM invoker: /opt/homebrew/Cellar/openjdk@21/21.0.12/libexec/openjdk.jdk/Contents/Home/bin/java
# VM options: -Xms512m -Xmx512m -XX:+UseG1GC
# Blackhole mode: compiler (auto-detected, use -Djmh.blackhole.autoDetect=false to disable)
# Warmup: 3 iterations, 1 s each
# Measurement: 5 iterations, 1 s each
# Timeout: 10 min per iteration
# Threads: 1 thread, will synchronize iterations
# Benchmark mode: Average time, time/op
# Benchmark: io.grpc.benchmarks.netty.HpackTableSizeBenchmark.encode
# Parameters: (buckets = 128, peerTableBytes = 8192, workload = MIXED_LARGE)

# Run progress: 96,67% complete, ETA 00:00:24
# Fork: 1 of 3
# Warmup Iteration   1: 1144,977 ns/op
# Warmup Iteration   2: 1088,976 ns/op
# Warmup Iteration   3: 1080,603 ns/op
Iteration   1: 1083,476 ns/op
                 encodedBytes:       1379,246 B/op
                 gc.alloc.rate:      1548,225 MB/sec
                 gc.alloc.rate.norm: 1759,168 B/op
                 gc.count:           6,000 counts
                 gc.time:            3,000 ms

Iteration   2: 1084,387 ns/op
                 encodedBytes:       1379,247 B/op
                 gc.alloc.rate:      1546,943 MB/sec
                 gc.alloc.rate.norm: 1759,168 B/op
                 gc.count:           5,000 counts
                 gc.time:            3,000 ms

Iteration   3: 1080,758 ns/op
                 encodedBytes:       1379,247 B/op
                 gc.alloc.rate:      1552,144 MB/sec
                 gc.alloc.rate.norm: 1759,168 B/op
                 gc.count:           5,000 counts
                 gc.time:            3,000 ms

Iteration   4: 1081,979 ns/op
                 encodedBytes:       1379,247 B/op
                 gc.alloc.rate:      1550,391 MB/sec
                 gc.alloc.rate.norm: 1759,168 B/op
                 gc.count:           5,000 counts
                 gc.time:            2,000 ms

Iteration   5: 1081,689 ns/op
                 encodedBytes:       1379,247 B/op
                 gc.alloc.rate:      1550,663 MB/sec
                 gc.alloc.rate.norm: 1759,168 B/op
                 gc.count:           5,000 counts
                 gc.time:            3,000 ms


# Run progress: 97,78% complete, ETA 00:00:16
# Fork: 2 of 3
# Warmup Iteration   1: 1160,564 ns/op
# Warmup Iteration   2: 1088,154 ns/op
# Warmup Iteration   3: 1087,179 ns/op
Iteration   1: 1091,570 ns/op
                 encodedBytes:       1379,247 B/op
                 gc.alloc.rate:      1536,748 MB/sec
                 gc.alloc.rate.norm: 1759,168 B/op
                 gc.count:           5,000 counts
                 gc.time:            3,000 ms

Iteration   2: 1088,968 ns/op
                 encodedBytes:       1379,247 B/op
                 gc.alloc.rate:      1540,438 MB/sec
                 gc.alloc.rate.norm: 1759,168 B/op
                 gc.count:           6,000 counts
                 gc.time:            3,000 ms

Iteration   3: 1087,857 ns/op
                 encodedBytes:       1379,247 B/op
                 gc.alloc.rate:      1542,000 MB/sec
                 gc.alloc.rate.norm: 1759,168 B/op
                 gc.count:           5,000 counts
                 gc.time:            3,000 ms

Iteration   4: 1090,772 ns/op
                 encodedBytes:       1379,247 B/op
                 gc.alloc.rate:      1537,890 MB/sec
                 gc.alloc.rate.norm: 1759,168 B/op
                 gc.count:           5,000 counts
                 gc.time:            2,000 ms

Iteration   5: 1087,607 ns/op
                 encodedBytes:       1379,247 B/op
                 gc.alloc.rate:      1542,241 MB/sec
                 gc.alloc.rate.norm: 1759,168 B/op
                 gc.count:           5,000 counts
                 gc.time:            3,000 ms


# Run progress: 98,89% complete, ETA 00:00:08
# Fork: 3 of 3
# Warmup Iteration   1: 1180,740 ns/op
# Warmup Iteration   2: 1123,700 ns/op
# Warmup Iteration   3: 1118,124 ns/op
Iteration   1: 1116,811 ns/op
                 encodedBytes:       1379,247 B/op
                 gc.alloc.rate:      1502,030 MB/sec
                 gc.alloc.rate.norm: 1759,169 B/op
                 gc.count:           5,000 counts
                 gc.time:            3,000 ms

Iteration   2: 1118,817 ns/op
                 encodedBytes:       1379,247 B/op
                 gc.alloc.rate:      1499,345 MB/sec
                 gc.alloc.rate.norm: 1759,169 B/op
                 gc.count:           5,000 counts
                 gc.time:            2,000 ms

Iteration   3: 1117,186 ns/op
                 encodedBytes:       1379,247 B/op
                 gc.alloc.rate:      1501,525 MB/sec
                 gc.alloc.rate.norm: 1759,168 B/op
                 gc.count:           5,000 counts
                 gc.time:            3,000 ms

Iteration   4: 1117,808 ns/op
                 encodedBytes:       1379,247 B/op
                 gc.alloc.rate:      1500,697 MB/sec
                 gc.alloc.rate.norm: 1759,168 B/op
                 gc.count:           5,000 counts
                 gc.time:            3,000 ms

Iteration   5: 1114,691 ns/op
                 encodedBytes:       1379,247 B/op
                 gc.alloc.rate:      1504,768 MB/sec
                 gc.alloc.rate.norm: 1759,168 B/op
                 gc.count:           5,000 counts
                 gc.time:            2,000 ms



Result "io.grpc.benchmarks.netty.HpackTableSizeBenchmark.encode":
  1096,292 ±(99.9%) 16,623 ns/op [Average]
  (min, avg, max) = (1080,758, 1096,292, 1118,817), stdev = 15,549
  CI (99.9%): [1079,669, 1112,914] (assumes normal distribution)

Secondary result "io.grpc.benchmarks.netty.HpackTableSizeBenchmark.encode:encodedBytes":
  1379,247 ±(99.9%) 0,001 B/op [Average]
  (min, avg, max) = (1379,246, 1379,247, 1379,247), stdev = 0,001
  CI (99.9%): [1379,247, 1379,247] (assumes normal distribution)

Secondary result "io.grpc.benchmarks.netty.HpackTableSizeBenchmark.encode:gc.alloc.rate":
  1530,403 ±(99.9%) 23,015 MB/sec [Average]
  (min, avg, max) = (1499,345, 1530,403, 1552,144), stdev = 21,528
  CI (99.9%): [1507,388, 1553,418] (assumes normal distribution)

Secondary result "io.grpc.benchmarks.netty.HpackTableSizeBenchmark.encode:gc.alloc.rate.norm":
  1759,168 ±(99.9%) 0,001 B/op [Average]
  (min, avg, max) = (1759,168, 1759,168, 1759,169), stdev = 0,001
  CI (99.9%): [1759,168, 1759,169] (assumes normal distribution)

Secondary result "io.grpc.benchmarks.netty.HpackTableSizeBenchmark.encode:gc.count":
  77,000 ±(99.9%) 0,001 counts [Sum]
  (min, avg, max) = (5,000, 5,133, 6,000), stdev = 0,352
  CI (99.9%): [77,000, 77,000] (assumes normal distribution)

Secondary result "io.grpc.benchmarks.netty.HpackTableSizeBenchmark.encode:gc.time":
  41,000 ±(99.9%) 0,001 ms [Sum]
  (min, avg, max) = (2,000, 2,733, 3,000), stdev = 0,458
  CI (99.9%): [41,000, 41,000] (assumes normal distribution)


# Run complete. Total time: 00:12:20

REMEMBER: The numbers below are just data. To gain reusable insights, you need to follow up on
why the numbers are the way they are. Use profilers (see -prof, -lprof), design factorial
experiments, perform baseline and negative tests that provide experimental control, make sure
the benchmarking environment is safe on JVM/OS/HW level, ask for reviews from the domain experts.
Do not assume the numbers tell you what you want them to tell.

NOTE: Current JVM experimentally supports Compiler Blackholes, and they are in use. Please exercise
extra caution when trusting the results, look into the generated code to check the benchmark still
works, and factor in a small probability of new VM bugs. Additionally, while comparisons between
different JVMs are already problematic, the performance difference caused by different Blackhole
modes can be very significant. Please make sure you use the consistent Blackhole mode for comparisons.

Benchmark                                                    (buckets)  (peerTableBytes)   (workload)  Mode  Cnt      Score      Error   Units
HpackTableSizeBenchmark.constructEncoder                            16               N/A          N/A  avgt   15     29,530 ±    3,053   ns/op
HpackTableSizeBenchmark.constructEncoder:gc.alloc.rate              16               N/A          N/A  avgt   15  12256,060 ± 1356,174  MB/sec
HpackTableSizeBenchmark.constructEncoder:gc.alloc.rate.norm         16               N/A          N/A  avgt   15    376,000 ±    0,001    B/op
HpackTableSizeBenchmark.constructEncoder:gc.count                   16               N/A          N/A  avgt   15    605,000             counts
HpackTableSizeBenchmark.constructEncoder:gc.time                    16               N/A          N/A  avgt   15    297,000                 ms
HpackTableSizeBenchmark.constructEncoder                            64               N/A          N/A  avgt   15     36,187 ±    1,511   ns/op
HpackTableSizeBenchmark.constructEncoder:gc.alloc.rate              64               N/A          N/A  avgt   15  20055,978 ±  859,871  MB/sec
HpackTableSizeBenchmark.constructEncoder:gc.alloc.rate.norm         64               N/A          N/A  avgt   15    760,000 ±    0,001    B/op
HpackTableSizeBenchmark.constructEncoder:gc.count                   64               N/A          N/A  avgt   15    989,000             counts
HpackTableSizeBenchmark.constructEncoder:gc.time                    64               N/A          N/A  avgt   15    478,000                 ms
HpackTableSizeBenchmark.constructEncoder                           128               N/A          N/A  avgt   15    102,406 ±    3,117   ns/op
HpackTableSizeBenchmark.constructEncoder:gc.alloc.rate             128               N/A          N/A  avgt   15  11853,173 ±  353,604  MB/sec
HpackTableSizeBenchmark.constructEncoder:gc.alloc.rate.norm        128               N/A          N/A  avgt   15   1272,001 ±    0,001    B/op
HpackTableSizeBenchmark.constructEncoder:gc.count                  128               N/A          N/A  avgt   15    585,000             counts
HpackTableSizeBenchmark.constructEncoder:gc.time                   128               N/A          N/A  avgt   15    291,000                 ms
HpackTableSizeBenchmark.encode                                      16              1024       STABLE  avgt   15    185,038 ±    1,514   ns/op
HpackTableSizeBenchmark.encode:encodedBytes                         16              1024       STABLE  avgt   15     12,000 ±    0,001    B/op
HpackTableSizeBenchmark.encode:gc.alloc.rate                        16              1024       STABLE  avgt   15   3916,677 ±   32,172  MB/sec
HpackTableSizeBenchmark.encode:gc.alloc.rate.norm                   16              1024       STABLE  avgt   15    760,001 ±    0,001    B/op
HpackTableSizeBenchmark.encode:gc.count                             16              1024       STABLE  avgt   15    193,000             counts
HpackTableSizeBenchmark.encode:gc.time                              16              1024       STABLE  avgt   15     97,000                 ms
HpackTableSizeBenchmark.encode                                      16              1024  MIXED_SHORT  avgt   15   1224,622 ±  171,002   ns/op
HpackTableSizeBenchmark.encode:encodedBytes                         16              1024  MIXED_SHORT  avgt   15    601,816 ±    0,001    B/op
HpackTableSizeBenchmark.encode:gc.alloc.rate                        16              1024  MIXED_SHORT  avgt   15   2060,106 ±  312,628  MB/sec
HpackTableSizeBenchmark.encode:gc.alloc.rate.norm                   16              1024  MIXED_SHORT  avgt   15   2600,009 ±    0,001    B/op
HpackTableSizeBenchmark.encode:gc.count                             16              1024  MIXED_SHORT  avgt   15    102,000             counts
HpackTableSizeBenchmark.encode:gc.time                              16              1024  MIXED_SHORT  avgt   15     55,000                 ms
HpackTableSizeBenchmark.encode                                      16              1024  MIXED_LARGE  avgt   15   1183,101 ±    7,103   ns/op
HpackTableSizeBenchmark.encode:encodedBytes                         16              1024  MIXED_LARGE  avgt   15   1687,816 ±    0,001    B/op
HpackTableSizeBenchmark.encode:gc.alloc.rate                        16              1024  MIXED_LARGE  avgt   15   2095,596 ±   12,604  MB/sec
HpackTableSizeBenchmark.encode:gc.alloc.rate.norm                   16              1024  MIXED_LARGE  avgt   15   2600,008 ±    0,001    B/op
HpackTableSizeBenchmark.encode:gc.count                             16              1024  MIXED_LARGE  avgt   15    102,000             counts
HpackTableSizeBenchmark.encode:gc.time                              16              1024  MIXED_LARGE  avgt   15     56,000                 ms
HpackTableSizeBenchmark.encode                                      16              4096       STABLE  avgt   15    183,983 ±    1,175   ns/op
HpackTableSizeBenchmark.encode:encodedBytes                         16              4096       STABLE  avgt   15     12,000 ±    0,001    B/op
HpackTableSizeBenchmark.encode:gc.alloc.rate                        16              4096       STABLE  avgt   15   3939,015 ±   24,924  MB/sec
HpackTableSizeBenchmark.encode:gc.alloc.rate.norm                   16              4096       STABLE  avgt   15    760,001 ±    0,001    B/op
HpackTableSizeBenchmark.encode:gc.count                             16              4096       STABLE  avgt   15    194,000             counts
HpackTableSizeBenchmark.encode:gc.time                              16              4096       STABLE  avgt   15     96,000                 ms
HpackTableSizeBenchmark.encode                                      16              4096  MIXED_SHORT  avgt   15   1111,325 ±  204,250   ns/op
HpackTableSizeBenchmark.encode:encodedBytes                         16              4096  MIXED_SHORT  avgt   15    601,816 ±    0,001    B/op
HpackTableSizeBenchmark.encode:gc.alloc.rate                        16              4096  MIXED_SHORT  avgt   15   2287,431 ±  376,886  MB/sec
HpackTableSizeBenchmark.encode:gc.alloc.rate.norm                   16              4096  MIXED_SHORT  avgt   15   2600,008 ±    0,001    B/op
HpackTableSizeBenchmark.encode:gc.count                             16              4096  MIXED_SHORT  avgt   15    112,000             counts
HpackTableSizeBenchmark.encode:gc.time                              16              4096  MIXED_SHORT  avgt   15     58,000                 ms
HpackTableSizeBenchmark.encode                                      16              4096  MIXED_LARGE  avgt   15   1191,184 ±    8,221   ns/op
HpackTableSizeBenchmark.encode:encodedBytes                         16              4096  MIXED_LARGE  avgt   15   1687,816 ±    0,001    B/op
HpackTableSizeBenchmark.encode:gc.alloc.rate                        16              4096  MIXED_LARGE  avgt   15   2081,401 ±   14,389  MB/sec
HpackTableSizeBenchmark.encode:gc.alloc.rate.norm                   16              4096  MIXED_LARGE  avgt   15   2600,009 ±    0,001    B/op
HpackTableSizeBenchmark.encode:gc.count                             16              4096  MIXED_LARGE  avgt   15    103,000             counts
HpackTableSizeBenchmark.encode:gc.time                              16              4096  MIXED_LARGE  avgt   15     54,000                 ms
HpackTableSizeBenchmark.encode                                      16              8192       STABLE  avgt   15    184,085 ±    1,040   ns/op
HpackTableSizeBenchmark.encode:encodedBytes                         16              8192       STABLE  avgt   15     12,000 ±    0,001    B/op
HpackTableSizeBenchmark.encode:gc.alloc.rate                        16              8192       STABLE  avgt   15   3936,838 ±   22,209  MB/sec
HpackTableSizeBenchmark.encode:gc.alloc.rate.norm                   16              8192       STABLE  avgt   15    760,001 ±    0,001    B/op
HpackTableSizeBenchmark.encode:gc.count                             16              8192       STABLE  avgt   15    194,000             counts
HpackTableSizeBenchmark.encode:gc.time                              16              8192       STABLE  avgt   15     97,000                 ms
HpackTableSizeBenchmark.encode                                      16              8192  MIXED_SHORT  avgt   15   1208,785 ±  164,741   ns/op
HpackTableSizeBenchmark.encode:encodedBytes                         16              8192  MIXED_SHORT  avgt   15    601,816 ±    0,001    B/op
HpackTableSizeBenchmark.encode:gc.alloc.rate                        16              8192  MIXED_SHORT  avgt   15   2085,569 ±  310,558  MB/sec
HpackTableSizeBenchmark.encode:gc.alloc.rate.norm                   16              8192  MIXED_SHORT  avgt   15   2600,009 ±    0,001    B/op
HpackTableSizeBenchmark.encode:gc.count                             16              8192  MIXED_SHORT  avgt   15    103,000             counts
HpackTableSizeBenchmark.encode:gc.time                              16              8192  MIXED_SHORT  avgt   15     53,000                 ms
HpackTableSizeBenchmark.encode                                      16              8192  MIXED_LARGE  avgt   15   1196,584 ±    9,934   ns/op
HpackTableSizeBenchmark.encode:encodedBytes                         16              8192  MIXED_LARGE  avgt   15   1687,816 ±    0,001    B/op
HpackTableSizeBenchmark.encode:gc.alloc.rate                        16              8192  MIXED_LARGE  avgt   15   2071,962 ±   17,178  MB/sec
HpackTableSizeBenchmark.encode:gc.alloc.rate.norm                   16              8192  MIXED_LARGE  avgt   15   2600,009 ±    0,001    B/op
HpackTableSizeBenchmark.encode:gc.count                             16              8192  MIXED_LARGE  avgt   15    103,000             counts
HpackTableSizeBenchmark.encode:gc.time                              16              8192  MIXED_LARGE  avgt   15     54,000                 ms
HpackTableSizeBenchmark.encode                                      64              1024       STABLE  avgt   15    183,392 ±    1,271   ns/op
HpackTableSizeBenchmark.encode:encodedBytes                         64              1024       STABLE  avgt   15     12,000 ±    0,001    B/op
HpackTableSizeBenchmark.encode:gc.alloc.rate                        64              1024       STABLE  avgt   15   3951,736 ±   27,401  MB/sec
HpackTableSizeBenchmark.encode:gc.alloc.rate.norm                   64              1024       STABLE  avgt   15    760,001 ±    0,001    B/op
HpackTableSizeBenchmark.encode:gc.count                             64              1024       STABLE  avgt   15    195,000             counts
HpackTableSizeBenchmark.encode:gc.time                              64              1024       STABLE  avgt   15     99,000                 ms
HpackTableSizeBenchmark.encode                                      64              1024  MIXED_SHORT  avgt   15    801,641 ±    4,453   ns/op
HpackTableSizeBenchmark.encode:encodedBytes                         64              1024  MIXED_SHORT  avgt   15    601,816 ±    0,001    B/op
HpackTableSizeBenchmark.encode:gc.alloc.rate                        64              1024  MIXED_SHORT  avgt   15   3092,759 ±   17,134  MB/sec
HpackTableSizeBenchmark.encode:gc.alloc.rate.norm                   64              1024  MIXED_SHORT  avgt   15   2600,006 ±    0,001    B/op
HpackTableSizeBenchmark.encode:gc.count                             64              1024  MIXED_SHORT  avgt   15    152,000             counts
HpackTableSizeBenchmark.encode:gc.time                              64              1024  MIXED_SHORT  avgt   15     78,000                 ms
HpackTableSizeBenchmark.encode                                      64              1024  MIXED_LARGE  avgt   15   1048,999 ±   13,080   ns/op
HpackTableSizeBenchmark.encode:encodedBytes                         64              1024  MIXED_LARGE  avgt   15   1687,816 ±    0,001    B/op
HpackTableSizeBenchmark.encode:gc.alloc.rate                        64              1024  MIXED_LARGE  avgt   15   2363,708 ±   29,457  MB/sec
HpackTableSizeBenchmark.encode:gc.alloc.rate.norm                   64              1024  MIXED_LARGE  avgt   15   2600,008 ±    0,001    B/op
HpackTableSizeBenchmark.encode:gc.count                             64              1024  MIXED_LARGE  avgt   15    117,000             counts
HpackTableSizeBenchmark.encode:gc.time                              64              1024  MIXED_LARGE  avgt   15     60,000                 ms
HpackTableSizeBenchmark.encode                                      64              4096       STABLE  avgt   15    183,573 ±    1,306   ns/op
HpackTableSizeBenchmark.encode:encodedBytes                         64              4096       STABLE  avgt   15     12,000 ±    0,001    B/op
HpackTableSizeBenchmark.encode:gc.alloc.rate                        64              4096       STABLE  avgt   15   3947,887 ±   28,078  MB/sec
HpackTableSizeBenchmark.encode:gc.alloc.rate.norm                   64              4096       STABLE  avgt   15    760,001 ±    0,001    B/op
HpackTableSizeBenchmark.encode:gc.count                             64              4096       STABLE  avgt   15    195,000             counts
HpackTableSizeBenchmark.encode:gc.time                              64              4096       STABLE  avgt   15     98,000                 ms
HpackTableSizeBenchmark.encode                                      64              4096  MIXED_SHORT  avgt   15   1040,591 ±    7,838   ns/op
HpackTableSizeBenchmark.encode:encodedBytes                         64              4096  MIXED_SHORT  avgt   15    276,617 ±    0,001    B/op
HpackTableSizeBenchmark.encode:gc.alloc.rate                        64              4096  MIXED_SHORT  avgt   15   1561,278 ±   11,825  MB/sec
HpackTableSizeBenchmark.encode:gc.alloc.rate.norm                   64              4096  MIXED_SHORT  avgt   15   1703,718 ±    0,001    B/op
HpackTableSizeBenchmark.encode:gc.count                             64              4096  MIXED_SHORT  avgt   15     78,000             counts
HpackTableSizeBenchmark.encode:gc.time                              64              4096  MIXED_SHORT  avgt   15     39,000                 ms
HpackTableSizeBenchmark.encode                                      64              4096  MIXED_LARGE  avgt   15   1243,622 ±    4,793   ns/op
HpackTableSizeBenchmark.encode:encodedBytes                         64              4096  MIXED_LARGE  avgt   15   1428,949 ±    0,001    B/op
HpackTableSizeBenchmark.encode:gc.alloc.rate                        64              4096  MIXED_LARGE  avgt   15   1490,838 ±    5,687  MB/sec
HpackTableSizeBenchmark.encode:gc.alloc.rate.norm                   64              4096  MIXED_LARGE  avgt   15   1944,331 ±    0,003    B/op
HpackTableSizeBenchmark.encode:gc.count                             64              4096  MIXED_LARGE  avgt   15     72,000             counts
HpackTableSizeBenchmark.encode:gc.time                              64              4096  MIXED_LARGE  avgt   15     37,000                 ms
HpackTableSizeBenchmark.encode                                      64              8192       STABLE  avgt   15    178,282 ±    0,672   ns/op
HpackTableSizeBenchmark.encode:encodedBytes                         64              8192       STABLE  avgt   15     12,000 ±    0,001    B/op
HpackTableSizeBenchmark.encode:gc.alloc.rate                        64              8192       STABLE  avgt   15   4064,947 ±   15,353  MB/sec
HpackTableSizeBenchmark.encode:gc.alloc.rate.norm                   64              8192       STABLE  avgt   15    760,001 ±    0,001    B/op
HpackTableSizeBenchmark.encode:gc.count                             64              8192       STABLE  avgt   15    201,000             counts
HpackTableSizeBenchmark.encode:gc.time                              64              8192       STABLE  avgt   15    101,000                 ms
HpackTableSizeBenchmark.encode                                      64              8192  MIXED_SHORT  avgt   15    989,885 ±   11,997   ns/op
HpackTableSizeBenchmark.encode:encodedBytes                         64              8192  MIXED_SHORT  avgt   15    276,617 ±    0,001    B/op
HpackTableSizeBenchmark.encode:gc.alloc.rate                        64              8192  MIXED_SHORT  avgt   15   1641,364 ±   20,032  MB/sec
HpackTableSizeBenchmark.encode:gc.alloc.rate.norm                   64              8192  MIXED_SHORT  avgt   15   1703,718 ±    0,001    B/op
HpackTableSizeBenchmark.encode:gc.count                             64              8192  MIXED_SHORT  avgt   15     82,000             counts
HpackTableSizeBenchmark.encode:gc.time                              64              8192  MIXED_SHORT  avgt   15     43,000                 ms
HpackTableSizeBenchmark.encode                                      64              8192  MIXED_LARGE  avgt   15   1238,876 ±    3,635   ns/op
HpackTableSizeBenchmark.encode:encodedBytes                         64              8192  MIXED_LARGE  avgt   15   1428,949 ±    0,001    B/op
HpackTableSizeBenchmark.encode:gc.alloc.rate                        64              8192  MIXED_LARGE  avgt   15   1496,542 ±    4,391  MB/sec
HpackTableSizeBenchmark.encode:gc.alloc.rate.norm                   64              8192  MIXED_LARGE  avgt   15   1944,331 ±    0,003    B/op
HpackTableSizeBenchmark.encode:gc.count                             64              8192  MIXED_LARGE  avgt   15     74,000             counts
HpackTableSizeBenchmark.encode:gc.time                              64              8192  MIXED_LARGE  avgt   15     40,000                 ms
HpackTableSizeBenchmark.encode                                     128              1024       STABLE  avgt   15    177,717 ±    0,365   ns/op
HpackTableSizeBenchmark.encode:encodedBytes                        128              1024       STABLE  avgt   15     12,000 ±    0,001    B/op
HpackTableSizeBenchmark.encode:gc.alloc.rate                       128              1024       STABLE  avgt   15   4077,845 ±    8,392  MB/sec
HpackTableSizeBenchmark.encode:gc.alloc.rate.norm                  128              1024       STABLE  avgt   15    760,001 ±    0,001    B/op
HpackTableSizeBenchmark.encode:gc.count                            128              1024       STABLE  avgt   15    201,000             counts
HpackTableSizeBenchmark.encode:gc.time                             128              1024       STABLE  avgt   15    102,000                 ms
HpackTableSizeBenchmark.encode                                     128              1024  MIXED_SHORT  avgt   15    942,397 ±  145,686   ns/op
HpackTableSizeBenchmark.encode:encodedBytes                        128              1024  MIXED_SHORT  avgt   15    601,816 ±    0,001    B/op
HpackTableSizeBenchmark.encode:gc.alloc.rate                       128              1024  MIXED_SHORT  avgt   15   2689,004 ±  461,223  MB/sec
HpackTableSizeBenchmark.encode:gc.alloc.rate.norm                  128              1024  MIXED_SHORT  avgt   15   2600,007 ±    0,001    B/op
HpackTableSizeBenchmark.encode:gc.count                            128              1024  MIXED_SHORT  avgt   15    132,000             counts
HpackTableSizeBenchmark.encode:gc.time                             128              1024  MIXED_SHORT  avgt   15     70,000                 ms
HpackTableSizeBenchmark.encode                                     128              1024  MIXED_LARGE  avgt   15   1004,245 ±    8,737   ns/op
HpackTableSizeBenchmark.encode:encodedBytes                        128              1024  MIXED_LARGE  avgt   15   1687,816 ±    0,001    B/op
HpackTableSizeBenchmark.encode:gc.alloc.rate                       128              1024  MIXED_LARGE  avgt   15   2468,907 ±   21,596  MB/sec
HpackTableSizeBenchmark.encode:gc.alloc.rate.norm                  128              1024  MIXED_LARGE  avgt   15   2600,007 ±    0,001    B/op
HpackTableSizeBenchmark.encode:gc.count                            128              1024  MIXED_LARGE  avgt   15    123,000             counts
HpackTableSizeBenchmark.encode:gc.time                             128              1024  MIXED_LARGE  avgt   15     66,000                 ms
HpackTableSizeBenchmark.encode                                     128              4096       STABLE  avgt   15    177,924 ±    0,420   ns/op
HpackTableSizeBenchmark.encode:encodedBytes                        128              4096       STABLE  avgt   15     12,000 ±    0,001    B/op
HpackTableSizeBenchmark.encode:gc.alloc.rate                       128              4096       STABLE  avgt   15   4073,094 ±    9,647  MB/sec
HpackTableSizeBenchmark.encode:gc.alloc.rate.norm                  128              4096       STABLE  avgt   15    760,001 ±    0,001    B/op
HpackTableSizeBenchmark.encode:gc.count                            128              4096       STABLE  avgt   15    201,000             counts
HpackTableSizeBenchmark.encode:gc.time                             128              4096       STABLE  avgt   15    102,000                 ms
HpackTableSizeBenchmark.encode                                     128              4096  MIXED_SHORT  avgt   15    884,046 ±    2,475   ns/op
HpackTableSizeBenchmark.encode:encodedBytes                        128              4096  MIXED_SHORT  avgt   15    276,617 ±    0,001    B/op
HpackTableSizeBenchmark.encode:gc.alloc.rate                       128              4096  MIXED_SHORT  avgt   15   1837,676 ±    5,128  MB/sec
HpackTableSizeBenchmark.encode:gc.alloc.rate.norm                  128              4096  MIXED_SHORT  avgt   15   1703,717 ±    0,001    B/op
HpackTableSizeBenchmark.encode:gc.count                            128              4096  MIXED_SHORT  avgt   15     91,000             counts
HpackTableSizeBenchmark.encode:gc.time                             128              4096  MIXED_SHORT  avgt   15     49,000                 ms
HpackTableSizeBenchmark.encode                                     128              4096  MIXED_LARGE  avgt   15   1163,786 ±    3,644   ns/op
HpackTableSizeBenchmark.encode:encodedBytes                        128              4096  MIXED_LARGE  avgt   15   1428,949 ±    0,001    B/op
HpackTableSizeBenchmark.encode:gc.alloc.rate                       128              4096  MIXED_LARGE  avgt   15   1593,103 ±    4,992  MB/sec
HpackTableSizeBenchmark.encode:gc.alloc.rate.norm                  128              4096  MIXED_LARGE  avgt   15   1944,330 ±    0,002    B/op
HpackTableSizeBenchmark.encode:gc.count                            128              4096  MIXED_LARGE  avgt   15     78,000             counts
HpackTableSizeBenchmark.encode:gc.time                             128              4096  MIXED_LARGE  avgt   15     41,000                 ms
HpackTableSizeBenchmark.encode                                     128              8192       STABLE  avgt   15    177,105 ±    0,516   ns/op
HpackTableSizeBenchmark.encode:encodedBytes                        128              8192       STABLE  avgt   15     12,000 ±    0,001    B/op
HpackTableSizeBenchmark.encode:gc.alloc.rate                       128              8192       STABLE  avgt   15   4091,941 ±   11,896  MB/sec
HpackTableSizeBenchmark.encode:gc.alloc.rate.norm                  128              8192       STABLE  avgt   15    760,001 ±    0,001    B/op
HpackTableSizeBenchmark.encode:gc.count                            128              8192       STABLE  avgt   15    203,000             counts
HpackTableSizeBenchmark.encode:gc.time                             128              8192       STABLE  avgt   15    103,000                 ms
HpackTableSizeBenchmark.encode                                     128              8192  MIXED_SHORT  avgt   15    907,911 ±   14,895   ns/op
HpackTableSizeBenchmark.encode:encodedBytes                        128              8192  MIXED_SHORT  avgt   15    257,811 ±    0,001    B/op
HpackTableSizeBenchmark.encode:gc.alloc.rate                       128              8192  MIXED_SHORT  avgt   15   1685,253 ±   27,102  MB/sec
HpackTableSizeBenchmark.encode:gc.alloc.rate.norm                  128              8192  MIXED_SHORT  avgt   15   1604,253 ±    0,001    B/op
HpackTableSizeBenchmark.encode:gc.count                            128              8192  MIXED_SHORT  avgt   15     83,000             counts
HpackTableSizeBenchmark.encode:gc.time                             128              8192  MIXED_SHORT  avgt   15     43,000                 ms
HpackTableSizeBenchmark.encode                                     128              8192  MIXED_LARGE  avgt   15   1096,292 ±   16,623   ns/op
HpackTableSizeBenchmark.encode:encodedBytes                        128              8192  MIXED_LARGE  avgt   15   1379,247 ±    0,001    B/op
HpackTableSizeBenchmark.encode:gc.alloc.rate                       128              8192  MIXED_LARGE  avgt   15   1530,403 ±   23,015  MB/sec
HpackTableSizeBenchmark.encode:gc.alloc.rate.norm                  128              8192  MIXED_LARGE  avgt   15   1759,168 ±    0,001    B/op
HpackTableSizeBenchmark.encode:gc.count                            128              8192  MIXED_LARGE  avgt   15     77,000             counts
HpackTableSizeBenchmark.encode:gc.time                             128              8192  MIXED_LARGE  avgt   15     41,000                 ms

Benchmark result is saved to benchmarks/hpack-table-size/build/results.json
